uniprot_id,gene_symbol,protein_name,sequence,Length,Reviewed,Organism (ID),Subcellular location [CC],Protein families,Domain [FT],Transmembrane,Signal peptide,Involvement in disease,Catalytic activity,Cofactor,Gene Ontology IDs,Ensembl,HGNC,sequence_length,ambiguous_residue_count,sequence_sha256,is_validation,length_bin,uniref50_cluster_id,uniref90_cluster_size,uniref50_cluster_size,log_family_size,total_surprisal_bits,bits_per_residue,residue_window_ids,residue_distances_to_edge,scoring_method,windowed,number_of_windows,uniform_baseline_bits,order0_baseline_bits,surprisal_ratio_order0,surprisal_ratio_uniform,mean_residue_surprise,median_residue_surprise,maximum_residue_surprise,minimum_residue_surprise,residue_surprise_std,length_adjusted_surprisal,length_and_family_adjusted_surprisal
P0DI81,TRAPPC2 SEDL,Trafficking protein particle complex subunit 2 (Sedlin),MSGSFYFVIVGHHDNPVFEMEFLPAGKAESKDDHRHLNQFIAHAALDLVDENMWLSNNMYLKTVDKFNEWFVSAFVTAGHMRFIMLHDIRQEDGIKNFFTDVYDLYIKFSMNPFYEPNSPIRSSAFDRKVQFLGKKHLLS,140,reviewed,9606,"SUBCELLULAR LOCATION: Cytoplasm, perinuclear region {ECO:0000269|PubMed:11031107}. Endoplasmic reticulum-Golgi intermediate compartment {ECO:0000269|PubMed:11031107}. Nucleus {ECO:0000269|PubMed:20498720, ECO:0000269|PubMed:25918224}. Cytoplasm {ECO:0000269|PubMed:20498720}. Note=Localized in perinuclear granular structures. {ECO:0000269|PubMed:11031107}.","TRAPP small subunits family, Sedlin subfamily",,,,"DISEASE: Spondyloepiphyseal dysplasia tarda (SEDT) [MIM:313400]: X-linked recessive disorder of endochondral bone formation. {ECO:0000269|PubMed:10431248, ECO:0000269|PubMed:11349230, ECO:0000269|PubMed:11424925}. Note=The disease is caused by variants affecting the gene represented in this entry.",,,GO:0001501; GO:0005634; GO:0005737; GO:0005783; GO:0005793; GO:0005829; GO:0006351; GO:0006888; GO:0006901; GO:0030008; GO:0044325; GO:0048208; GO:0048471; GO:0099022,ENST00000359680.9 [P0DI81-1];ENST00000380579.6 [P0DI81-1];ENST00000458511.7 [P0DI81-1];ENST00000518847.2 [P0DI81-1];ENST00000543226.2 [P0DI81-1];ENST00000596755.1 [P0DI81-1];ENST00000683569.1 [P0DI81-1];ENST00000683983.1 [P0DI81-3];ENST00000937066.1 [P0DI81-1];ENST00000937067.1 [P0DI81-1];ENST00000941739.1 [P0DI81-1];ENST00000941740.1 [P0DI81-1];ENST00000941741.1 [P0DI81-1];,HGNC:23068;,140,0,0526a532f220d3059b952a989020846c327ce87632bf3af30fff30251f78a2cf,False,0.0,UniRef50_P0DI81,20.0,43.0,3.784189633918261,591.920640221729,4.22800457301235,,,sampled_mask,False,1,605.0699332842307,608.5620827205721,0.9726544867461218,0.978268143334888,4.22800457301235,4.161010340711754,6.537281385019064,0.12466642924321532,0.7720768198698728,0.8637680905931058,0.8018202506312573
A1A4F0,SLC66A1LP C3orf55 PQLC2L SLC66A1L,Putative uncharacterized protein SLC66A1LP (PQ-loop repeat-containing protein 2-like) (Solute carrier family 66 member 1-like),MKVVGNYRVNTANSSTDTSGEHLTCLRSQLFVAYRNGRVDEAVSLGFLDCWIGGDLTNFKGCYLTNQLPIQIFTAIFDMNTDVIILSQFMYYRLKNQKKKMIFQPQLFKDSITREKVRLSLWGVLCPVYIPYSFR,135,reviewed,9606,,,,,,,,,GO:0005765; GO:0015189,,HGNC:25146;,135,0,da5a7de2619e3e331b9a7e6de82aabb48fe20b662fbf2311c1300bd0d9e2eb8b,False,0.0,UniRef50_A1A4F0,10.0,21.0,3.091042453358316,566.0287352127024,4.192805446020017,,,sampled_mask,False,1,583.4602928097939,580.3191614056165,0.9753748848163127,0.9701238322266187,4.192805446020018,4.25384502780364,6.3369828225876,0.13033928773084075,0.7359724630678032,0.8287003404419222,0.7238674960438667
Q00169,PITPNA PITPN,Phosphatidylinositol transfer protein alpha isoform (PI-TP-alpha) (PtdIns transfer protein alpha) (PtdInsTP alpha),MVLLKEYRVILPVSVDEYQVGQLYSVAEASKNETGGGEGVEVLVNEPYEKDGEKGQYTHKIYHLQSKVPTFVRMLAPEGALNIHEKAWNAYPYCRTVITNEYMKEDFLIKIETWHKPDLGTQENVHKLEPEAWKHVEAVYIDIADRSQVLSKDYKAEEDPAKFKSIKTGRGPLGPNWKQELVNQKDCPYMCAYKLVTVKFKWWGLQNKVENFIHKQERRLFTNFHRQLFCWLDKWVDLTMDDIRRMEEETKRQLDEMRQKDPVKGMTADD,270,reviewed,9606,"SUBCELLULAR LOCATION: Cytoplasm, cytosol {ECO:0000250|UniProtKB:P16446}. Nucleus {ECO:0000250|UniProtKB:P53810}. Note=Primarily localized in the cytosol in its closed state, is enriched on membranes in its open state where it facilitates lipid transfer. {ECO:0000250|UniProtKB:P16446}.","PtdIns transfer protein family, PI transfer class I subfamily","DOMAIN 2..261; /note=""PITP-like""; /evidence=""ECO:0000255|PROSITE-ProRule:PRU01431""",,,,"CATALYTIC ACTIVITY: Reaction=a 1,2-diacyl-sn-glycero-3-phosphocholine(in) = a 1,2-diacyl-sn-glycero-3-phosphocholine(out); Xref=Rhea:RHEA:38571, ChEBI:CHEBI:57643; Evidence={ECO:0000269|PubMed:14962392, ECO:0000269|PubMed:15522822, ECO:0000269|PubMed:22822086}; PhysiologicalDirection=left-to-right; Xref=Rhea:RHEA:38572; Evidence={ECO:0000305|PubMed:22822086}; CATALYTIC ACTIVITY: Reaction=a 1,2-diacyl-sn-glycero-3-phospho-(1D-myo-inositol)(in) = a 1,2-diacyl-sn-glycero-3-phospho-(1D-myo-inositol)(out); Xref=Rhea:RHEA:38691, ChEBI:CHEBI:57880; Evidence={ECO:0000269|PubMed:10531358, ECO:0000269|PubMed:14962392, ECO:0000269|PubMed:15522822, ECO:0000269|PubMed:18636990, ECO:0000269|PubMed:22822086}; PhysiologicalDirection=left-to-right; Xref=Rhea:RHEA:38692; Evidence={ECO:0000305|PubMed:10531358};",,GO:0005634; GO:0005737; GO:0005829; GO:0006629; GO:0007409; GO:0007601; GO:0008289; GO:0008525; GO:0008526; GO:0015914; GO:0031210; GO:0035091; GO:0070062; GO:0120019; GO:1901611,ENST00000313486.12;,HGNC:9001;,270,0,e5bcae839ce19a7f2c42b541c7447ef168136dfd76be8024404782137dd942ee,False,1.0,UniRef50_Q00169,92.0,218.0,5.389071729816501,1128.2447000367038,4.178684074210014,,,sampled_mask,False,1,1166.9205856195879,1160.2941272786861,0.9723781871436771,0.9668564544498555,4.178684074210014,4.101917617823245,6.5500865252717055,0.11937954281978876,0.8089777430133896,0.8110317939208906,0.838717205311104
Q5T3Y7,POPDC1-AS1 C6orf112,Putative uncharacterized protein POPDC1-AS1 (BVES antisense RNA 1) (BVES antisense gene protein 1),MLRSTFTVHWTTILGICRPIKPIYKSQACPLSEKRNADNHLVSEDNTFKEPERYISSSCVLTSILYLGEKTFSFRTLISPRGMKLVEILQQPSLTMVA,98,reviewed,9606,,,,,,,,,,,HGNC:21223;,98,0,d5ec1b0c09f9a6e80ef70c3c70b70f5d3b430ee8121ba188ea4c732b1ac9d70d,False,0.0,UniRef50_Q5T3Y7,1.0,2.0,1.0986122886681098,408.7308589489376,4.1707230504993635,,,sampled_mask,False,1,423.5489532989615,411.47207265912857,0.9933380321719627,0.9650144470087627,4.170723050499363,4.19956197172916,6.400456803506838,0.10750842959506772,0.748986459212031,0.8075901335457725,0.5813315961103132
Q9NVV0,TMEM38B C9orf87 TRICB,Trimeric intracellular cation channel type B (TRIC-B) (TRICB) (Transmembrane protein 38B),MDSPWDELALAFSRTSMFPFFDIAHYLVSVMAVKRQPGAAALAWKNPISSWFTAMLHCFGGGILSCLLLAEPPLKFLANHTNILLASSIWYITFFCPHDLVSQGYSYLPVQLLASGMKEVTRTWKIVGGVTHANSYYKNGWIVMIAIGWARGAGGTIITNFERLVKGDWKPEGDEWLKMSYPAKVTLLGSVIFTFQHTQHLAISKHNLMFLYTIFIVATKITMMTTQTSTMTFAPFEDTLSWMLFGWQQPFSSCEKKSEAKSPSNGVGSLASKPVDVASDNVKKKHTKKNE,291,reviewed,9606,SUBCELLULAR LOCATION: Endoplasmic reticulum membrane {ECO:0000250|UniProtKB:Q9DAV9}; Multi-pass membrane protein {ECO:0000250|UniProtKB:Q9DAV9}.,TMEM38 family,,"TRANSMEM 20..33; /note=""Helical;Name=1""; /evidence=""ECO:0000255""; TRANSMEM 51..70; /note=""Helical;Name=2""; /evidence=""ECO:0000255""; TRANSMEM 83..99; /note=""Helical;Name=3""; /evidence=""ECO:0000255""; TRANSMEM 105..121; /note=""Helical;Name=4""; /evidence=""ECO:0000255""; TRANSMEM 140..156; /note=""Helical;Name=5""; /evidence=""ECO:0000255""; TRANSMEM 180..195; /note=""Helical;Name=6""; /evidence=""ECO:0000255""; TRANSMEM 208..227; /note=""Helical;Name=7""; /evidence=""ECO:0000255""",,"DISEASE: Osteogenesis imperfecta 14 (OI14) [MIM:615066]: An autosomal recessive form of osteogenesis imperfecta, a disorder of bone formation characterized by low bone mass, bone fragility and susceptibility to fractures after minimal trauma. Disease severity ranges from very mild forms without fractures to intrauterine fractures and perinatal lethality. Extraskeletal manifestations, which affect a variable number of patients, are dentinogenesis imperfecta, hearing loss, and blue sclerae. OI14 is characterized by variable degrees of severity of multiple fractures and osteopenia, with normal teeth, sclerae, and hearing. Fractures first occur prenatally or by age 6 years. {ECO:0000269|PubMed:23054245, ECO:0000269|PubMed:23316006, ECO:0000269|PubMed:26911354}. Note=The disease is caused by variants affecting the gene represented in this entry.","CATALYTIC ACTIVITY: Reaction=K(+)(in) = K(+)(out); Xref=Rhea:RHEA:29463, ChEBI:CHEBI:29103; Evidence={ECO:0000250|UniProtKB:Q6GN30};",,GO:0005267; GO:0005634; GO:0005783; GO:0005789; GO:0014808; GO:0031965; GO:0033017; GO:0042802; GO:0051279; GO:0071805,ENST00000374692.8;,HGNC:25535;,291,0,0d091077d8093bfa204a0b3372b2361b0c5719adc2cfded0dbe34254fd9d8c17,False,1.0,UniRef50_Q9NVV0,43.0,99.0,4.605170185988092,1210.7834542427552,4.160767883995722,,,sampled_mask,False,1,1257.6810756122225,1246.5341294384925,0.9713199387393898,0.9627110383714423,4.160767883995722,4.044528039126231,8.195366809918006,0.08571541151484198,0.9798289161635836,0.792563820973772,0.7695748129475968
A0A3G1DIU6,MT-RNR2,Small humanin-like peptide 2 (SHLP2),MGVKFFTLSTRFFPSVQRAVPLWTNS,26,reviewed,9606,SUBCELLULAR LOCATION: Secreted {ECO:0000269|PubMed:37468558}. Mitochondrion inner membrane {ECO:0000269|PubMed:38167865}.,,,,,,,,GO:0005576; GO:0005743,,HGNC:7471;,26,0,3914c3fa17b508037ea8b9fc39d4217947c87ffb561e6e1b20e1f6db8b451025,False,0.0,UniRef50_A0A3G1DIU6,1.0,1.0,0.6931471805599453,107.75529551291234,4.144434442804321,,,sampled_mask,False,1,112.37013046707143,110.67677529251884,0.9736034974647118,0.9589318359338258,4.144434442804321,4.210654336761859,6.23699348523717,0.24831719344392897,1.022545704933046,0.7831933523632784,0.5374837387455491
P49908,SELENOP SELP SEPP1,Selenoprotein P (SeP),MWRSLGLALALCLLPSGGTESQDQSSLCKQPPAWSIRDQDPMLNSNGSVTVVALLQASUYLCILQASKLEDLRVKLKKEGYSNISYIVVNHQGISSRLKYTHLKNKVSEHIPVYQQEENQTDVWTLLNGSKDDFLIYDRCGRLVYHLGLPFSFLTFPYVEEAIKIAYCEKKCGNCSLTTLKDEDFCKRVSLATVDKTVETPSPHYHHEHHHNHGHQHLGSSELSENQQPGAPNAPTHPAPPGLHHHHKHKGQHRQGHPENRDMPASEDLQDLQKKLCRKRCINQLLCKLPTDSELAPRSUCCHCRHLIFEKTGSAITUQCKENLPSLCSUQGLRAEENITESCQURLPPAAUQISQQLIPTEASASURUKNQAKKUEUPSN,381,reviewed,9606,SUBCELLULAR LOCATION: Secreted {ECO:0000269|PubMed:8142465}. Note=Passes from plasma into the glomerular filtrate where it is removed by endocytosis mediated by LRP2 in the proximal tubule epithelium. {ECO:0000250|UniProtKB:P70274}.,Selenoprotein P family,,,SIGNAL 1..19,,,,GO:0005576; GO:0006979; GO:0008430; GO:0010269; GO:0031089; GO:0070062,ENST00000506577.5;ENST00000511224.5;ENST00000514985.6;,HGNC:10751;,381,10,d537750e9274c34114c42db652e151c6bcd69527b399b5dd6166ccd869281b1e,False,2.0,UniRef50_P49908,8.0,35.0,3.58351893845611,1578.7474264431648,4.1436940326592255,,,sampled_mask,False,1,1646.654604152085,1604.389337177923,0.9840176507406478,0.9587605211574483,4.1436940326592255,3.8699501700619026,21.817379250737797,0.013620333986887613,2.9324608550564952,0.77312518649659,0.6789833722073073
P61077,UBE2D3 UBC5C UBCH5C,Ubiquitin-conjugating enzyme E2 D3 (EC 2.3.2.23) ((E3-independent) E2 ubiquitin-conjugating enzyme D3) (EC 2.3.2.24) (E2 ubiquitin-conjugating enzyme D3) (Ubiquitin carrier protein D3) (Ubiquitin-conjugating enzyme E2(17)KB 3) (Ubiquitin-conjugating enzyme E2-17 kDa 3) (Ubiquitin-protein ligase D3),MALKRINKELSDLARDPPAQCSAGPVGDDMFHWQATIMGPNDSPYQGGVFFLTIHFPTDYPFKPPKVAFTTRIYHPNINSNGSICLDILRSQWSPALTISKVLLSICSLLCDPNPDDPLVPEIARIYKTDRDKYNRISREWTQKYAM,147,reviewed,9606,SUBCELLULAR LOCATION: Cell membrane {ECO:0000269|PubMed:18508924}; Peripheral membrane protein {ECO:0000269|PubMed:18508924}. Endosome membrane {ECO:0000269|PubMed:18508924}; Peripheral membrane protein {ECO:0000269|PubMed:18508924}.,Ubiquitin-conjugating enzyme family,"DOMAIN 1..147; /note=""UBC core""; /evidence=""ECO:0000255|PROSITE-ProRule:PRU00388""",,,,"CATALYTIC ACTIVITY: Reaction=S-ubiquitinyl-[E1 ubiquitin-activating enzyme]-L-cysteine + [E2 ubiquitin-conjugating enzyme]-L-cysteine = [E1 ubiquitin-activating enzyme]-L-cysteine + S-ubiquitinyl-[E2 ubiquitin-conjugating enzyme]-L-cysteine.; EC=2.3.2.23; Evidence={ECO:0000255|PROSITE-ProRule:PRU00388, ECO:0000255|PROSITE-ProRule:PRU10133, ECO:0000269|PubMed:20061386, ECO:0000269|PubMed:28685749}; CATALYTIC ACTIVITY: Reaction=S-ubiquitinyl-[E1 ubiquitin-activating enzyme]-L-cysteine + [acceptor protein]-L-lysine = [E1 ubiquitin-activating enzyme]-L-cysteine + N(6)-monoubiquitinyl-[acceptor protein]-L-lysine.; EC=2.3.2.24; Evidence={ECO:0000269|PubMed:17588522};",,GO:0000122; GO:0000209; GO:0004842; GO:0005524; GO:0005634; GO:0005654; GO:0005829; GO:0005886; GO:0006281; GO:0006511; GO:0006513; GO:0006915; GO:0010008; GO:0016567; GO:0030514; GO:0036211; GO:0043161; GO:0051865; GO:0061630; GO:0061631; GO:0070062; GO:0070936; GO:0070979; GO:0085020; GO:1903955,ENST00000321805.11 [P61077-1];ENST00000338145.7 [P61077-1];ENST00000343106.9 [P61077-2];ENST00000349311.12 [P61077-1];ENST00000357194.10 [P61077-3];ENST00000394801.8 [P61077-1];ENST00000394803.9 [P61077-1];ENST00000394804.6 [P61077-1];ENST00000453744.7 [P61077-1];ENST00000895034.1 [P61077-1];ENST00000895035.1 [P61077-1];ENST00000895036.1 [P61077-1];ENST00000895037.1 [P61077-1];ENST00000895039.1 [P61077-1];ENST00000895040.1 [P61077-1];ENST00000895042.1 [P61077-1];ENST00000895043.1 [P61077-1];ENST00000895044.1 [P61077-1];ENST00000895046.1 [P61077-1];ENST00000895048.1 [P61077-1];ENST00000895049.1 [P61077-1];ENST00000895050.1 [P61077-1];ENST00000895051.1 [P61077-1];ENST00000895052.1 [P61077-1];ENST00000895055.1 [P61077-1];ENST00000895056.1 [P61077-1];ENST00000895057.1 [P61077-1];ENST00000895058.1 [P61077-1];ENST00000895059.1 [P61077-1];ENST00000895061.1 [P61077-1];ENST00000895062.1 [P61077-1];ENST00000895063.1 [P61077-1];ENST00000917675.1 [P61077-1];ENST00000917676.1 [P61077-1];ENST00000917678.1 [P61077-1];ENST00000917679.1 [P61077-1];ENST00000917680.1 [P61077-1];ENST00000917681.1 [P61077-1];ENST00000917682.1 [P61077-1];ENST00000917683.1 [P61077-1];ENST00000917686.1 [P61077-1];ENST00000917687.1 [P61077-1];,HGNC:12476;,147,0,cc0a7e0fd540eb9df9dd713319b98dd5f8811e6eea4e88ba94396ea82a12edfd,False,0.0,UniRef50_P61077,192.0,192.0,5.262690188904886,607.8196181617766,4.134827334433854,,,sampled_mask,False,1,635.3234299484423,630.73683276412,0.9636659642946303,0.9567089603654352,4.134827334433854,4.05349349471571,6.341241113022963,0.1470592475672408,0.7927245405978979,0.7704069244370015,0.8002328842187008
Q8NCR3,MFI C11orf65,Protein MFI (Mitochondrial fission factor interactor),MPWKEESEFTKQDKAARVIQQAWKSFLNVAIFQHFKSLIDLRRQGEPRQIVKYINPKEAELLDAAAGIHVRFRLGGVKFPPDIYYKIFTHRPIEDLCANSPRNYAKLPAKHTSHNKNDHLQEEDHSGWYHRIENNGWRPVSDTFWLSTDGMVVEDKKESEFHFSKLKRRQDLEKKRKLRKIEWMRQMYYSGSLEAKSTHHETLGLIHTATKGLIRAFEDGGIDSVMEWEVDEVLNWTNTLNFDEYIASWKEIATSNSSANFKGFRFNQAQKNIYNYGGDISKMQMGIPDDTYYENVYQEPNVTRLTPDSTYGL,313,reviewed,9606,"SUBCELLULAR LOCATION: Cytoplasm, cytosol {ECO:0000250|UniProtKB:Q9D4W2}. Mitochondrion outer membrane {ECO:0000250|UniProtKB:Q9D4W2}. Note=Predominantly localizes to the cytosol, with a minor fraction at the outer mitochondrial membrane. {ECO:0000250|UniProtKB:Q9D4W2}.",,,,,,,,GO:0005741; GO:0005829; GO:0090258; GO:1903215,ENST00000393084.6 [Q8NCR3-1];ENST00000525729.5 [Q8NCR3-2];ENST00000527531.5 [Q8NCR3-1];ENST00000529391.5 [Q8NCR3-1];ENST00000615746.4 [Q8NCR3-1];,HGNC:28519;,313,0,aeb4df581509c1cf2accf1e55c48082c589ca1bc4984af54b5c993d8f56d5dbc,False,1.0,UniRef50_Q8NCR3,15.0,119.0,4.787491742782046,1291.177604871522,4.125168066682178,,,sampled_mask,False,1,1352.7634936997445,1345.933779162049,0.9593173340781913,0.9544740162526207,4.125168066682178,4.126426865397704,9.201796212085696,0.18352210629425644,0.9349428644225733,0.7563859455591722,0.7429897340297535
O43924,PDE6D PDED,"Retinal rod rhodopsin-sensitive cGMP 3',5'-cyclic phosphodiesterase subunit delta (GMP-PDE delta) (Protein p17)",MSAKDERAREILRGFKLNWMNLRDAETGKILWQGTEDLSVPGVEHEARVPKKILKCKAVSRELNFSSTEQMEKFRLEQKVYFKGQCLEEWFFEFGFVIPNSTNTWQSLIEAAPESQMMPASVLTGNVIIETKFFDDDLLVSTSRVRLFYV,150,reviewed,9606,"SUBCELLULAR LOCATION: Cytoplasm, cytosol {ECO:0000269|PubMed:22002721, ECO:0000269|PubMed:23698361, ECO:0000269|PubMed:9712853}. Cytoplasmic vesicle membrane {ECO:0000269|PubMed:9712853}; Peripheral membrane protein {ECO:0000269|PubMed:9712853}. Cytoplasm, cytoskeleton, cilium basal body {ECO:0000269|PubMed:24166846}.",PDE6D/unc-119 family,,,,"DISEASE: Joubert syndrome 22 (JBTS22) [MIM:615665]: A disorder presenting with cerebellar ataxia, oculomotor apraxia, hypotonia, neonatal breathing abnormalities and psychomotor delay. Neuroradiologically, it is characterized by cerebellar vermian hypoplasia/aplasia, thickened and reoriented superior cerebellar peduncles, and an abnormally large interpeduncular fossa, giving the appearance of a molar tooth on transaxial slices (molar tooth sign). Additional variable features include retinal dystrophy, renal disease, liver fibrosis, and polydactyly. {ECO:0000269|PubMed:24166846}. Note=The disease is caused by variants affecting the gene represented in this entry.",,,GO:0005095; GO:0005737; GO:0005829; GO:0005929; GO:0007601; GO:0030659; GO:0031267; GO:0031410,ENST00000287600.9;,HGNC:8788;,150,0,43654b9ee9fc7ffd20d063e02e0f2715849c8a83afd11da12a1e44a2d76d66ec,False,0.0,UniRef50_O43924,105.0,335.0,5.817111159963204,616.9884058028011,4.113256038685341,,,sampled_mask,False,1,648.2892142331044,632.0144350346661,0.9762251803140528,0.9517178324996034,4.113256038685342,4.119395182734527,6.719131024527174,0.024046995830144507,0.8539414662310402,0.7487568025837983,0.8129662999985552
Q00604,NDP EVR2,Norrin (Norrie disease protein) (X-linked exudative vitreoretinopathy 2 protein),MRKHVLAASFSMLSLLVIMGDTDSKTDSSFIMDSDPRRCMRHHYVDSISHPLYKCSSKMVLLARCEGHCSQASRSEPLVSFSTVLKQPFRSSCHCCRPQTSKLKALRLRCSGGMRLTATYRYILSCHCEECNS,133,reviewed,9606,SUBCELLULAR LOCATION: Secreted {ECO:0000269|PubMed:9407136}.,,"DOMAIN 39..132; /note=""CTCK""; /evidence=""ECO:0000255|PROSITE-ProRule:PRU00039""",,"SIGNAL 1..24; /evidence=""ECO:0000255""","DISEASE: Norrie disease (ND) [MIM:310600]: Recessive disorder characterized by very early childhood blindness due to degenerative and proliferative changes of the neuroretina. Approximately 50% of patients show some form of progressive mental disorder, often with psychotic features, and about one-third of patients develop sensorineural deafness in the second decade. In addition, some patients have more complex phenotypes, including growth failure and seizure. {ECO:0000269|PubMed:10484772, ECO:0000269|PubMed:10544980, ECO:0000269|PubMed:11337749, ECO:0000269|PubMed:1303264, ECO:0000269|PubMed:1307245, ECO:0000269|PubMed:14635119, ECO:0000269|PubMed:15609522, ECO:0000269|PubMed:15776010, ECO:0000269|PubMed:16970763, ECO:0000269|PubMed:17128466, ECO:0000269|PubMed:17296899, ECO:0000269|PubMed:17325173, ECO:0000269|PubMed:17334993, ECO:0000269|PubMed:20340138, ECO:0000269|PubMed:28192794, ECO:0000269|PubMed:7627181, ECO:0000269|PubMed:7662640, ECO:0000269|PubMed:7795608, ECO:0000269|PubMed:7993212, ECO:0000269|PubMed:8069314, ECO:0000269|PubMed:8268931, ECO:0000269|PubMed:8281159, ECO:0000269|PubMed:8589700, ECO:0000269|PubMed:8741107, ECO:0000269|PubMed:8807344, ECO:0000269|PubMed:8990009, ECO:0000269|PubMed:9143918, ECO:0000269|PubMed:9382152, ECO:0000269|PubMed:9407136}. Note=The disease is caused by variants affecting the gene represented in this entry.; DISEASE: Vitreoretinopathy, exudative 2 (EVR2) [MIM:305390]: An X-linked form of exudative vitreoretinopathy, a disorder of the retinal vasculature characterized by an abrupt cessation of growth of peripheral capillaries, leading to an avascular peripheral retina. This may lead to compensatory retinal neovascularization, which is thought to be induced by hypoxia from the initial avascular insult. New vessels are prone to leakage and rupture causing exudates and bleeding, followed by scarring, retinal detachment and blindness. Clinical features can be highly variable, even within the same family. Patients with mild forms of the disease are asymptomatic, and their only disease related abnormality is an arc of avascular retina in the extreme temporal periphery. {ECO:0000269|PubMed:16163268, ECO:0000269|PubMed:16970763, ECO:0000269|PubMed:17296899, ECO:0000269|PubMed:17325173, ECO:0000269|PubMed:8252044, ECO:0000269|PubMed:8946107, ECO:0000269|PubMed:9143917}. Note=The disease is caused by variants affecting the gene represented in this entry.",,,GO:0005109; GO:0005125; GO:0005615; GO:0007033; GO:0007399; GO:0007601; GO:0009986; GO:0016055; GO:0035426; GO:0042803; GO:0045893; GO:0045944; GO:0046697; GO:0110135,ENST00000642620.1;ENST00000647044.1;ENST00000868527.1;ENST00000868528.1;,HGNC:7678;,133,0,f98be54613ca1de585ef80730f7a39ab6962f0eb76d6715e07643d345af86cb1,False,0.0,UniRef50_Q00604,57.0,150.0,5.017279836814924,546.5735794740983,4.109575785519536,,,sampled_mask,False,1,574.8164366200192,565.9034087753314,0.9658425289519555,0.950866302098124,4.109575785519536,4.087825703376849,6.035217935800095,0.08392221290778955,0.8624164016268591,0.7455232306779007,0.761163338588303
P0DY57,RASAL2-AS1 LNCPSR,Putative protein encoded by LncRNA PSR (Arteridin-like protein) (LncRNA phenotype switching regulator) (LncRNA PSR) (RASAL2 antisense RNA 1),MHRVCALRPVRAEAELVIGLQQHGEEVWCGWTDGPLRHMKYSKPSINQTCFSVLSLIFVQCVGFFPLMMSLVFYFWFICRLSPSLAMALLLCPPKESFTSLGLRNY,106,reviewed,9606,SUBCELLULAR LOCATION: Membrane {ECO:0000255}; Single-pass membrane protein {ECO:0000255}.,,,"TRANSMEM 57..77; /note=""Helical""; /evidence=""ECO:0000255""",,,,,GO:0016020,,HGNC:44170;,106,0,a0a33e166799054946f59120f4a6b3a9ce6aee5c7dae1269a96457a1feb3d254,False,0.0,UniRef50_P0DY57,1.0,1.0,0.6931471805599453,434.4499114403512,4.0985840701919924,,,sampled_mask,False,1,458.1243780580604,453.2689851332089,0.9584814441091153,0.9483230586460761,4.098584070191992,3.9897142445911893,6.360761143895891,0.1844899386619869,0.9161025104336028,0.735240950292563,0.48300506469739846
P21283,ATP6V1C1 ATP6C ATP6D VATC,V-type proton ATPase subunit C 1 (V-ATPase subunit C 1) (Vacuolar proton pump subunit C 1),MTEFWLISAPGEKTCQQTWEKLHAATSKNNNLAVTSKFNIPDLKVGTLDVLVGLSDELAKLDAFVEGVVKKVAQYMADVLEDSKDKVQENLLANGVDLVTYITRFQWDMAKYPIKQSLKNISEIIAKGVTQIDNDLKSRASAYNNLKGNLQNLERKNAGSLLTRSLAEIVKKDDFVLDSEYLVTLLVVVPKLNHNDWIKQYETLAEMVVPRSSNVLSEDQDSYLCNVTLFRKAVDDFRHKARENKFIVRDFQYNEEEMKADKEEMNRLSTDKKKQFGPLVRWLKVNFSEAFIAWIHVKALRVFVESVLRYGLPVNFQAMLLQPNKKTLKKLREVLHELYKHLDSSAAAIIDAPMDIPGLNLSQQEYYPYVYYKIDCNLLEFK,382,reviewed,9606,"SUBCELLULAR LOCATION: Cytoplasmic vesicle, secretory vesicle, synaptic vesicle membrane {ECO:0000250|UniProtKB:Q5FVI6}; Peripheral membrane protein {ECO:0000305}. Cytoplasmic vesicle, clathrin-coated vesicle membrane {ECO:0000250|UniProtKB:Q5FVI6}; Peripheral membrane protein {ECO:0000305}.",V-ATPase C subunit family,,,,,,,GO:0000221; GO:0005765; GO:0005829; GO:0005886; GO:0016241; GO:0016469; GO:0030665; GO:0045177; GO:0046961; GO:0070062; GO:0097401; GO:0098850; GO:1902600,ENST00000395862.7;ENST00000518738.2;ENST00000954070.1;ENST00000954071.1;,HGNC:856;,382,0,8fb108c6906ce85411e1d5939c5cc9418842cd7516a59cdfdad91dba728b5df4,False,2.0,UniRef50_P21283,227.0,793.0,6.677083461247136,1565.3803858642655,4.09785441325724,,,sampled_mask,False,1,1650.9765322469725,1603.743684115213,0.9760789092228833,0.9481542319282934,4.09785441325724,4.040908664238824,8.488429374571853,0.12350621278266345,0.9660696243216195,0.7272592917263747,0.8262551348010732
O75140,DEPDC5 KIAA0645,GATOR1 complex protein DEPDC5 (DEP domain-containing protein 5),MRTTKVYKLVIHKKGFGGSDDELVVNPKVFPHIKLGDIVEIAHPNDEYSPLLLQVKSLKEDLQKETISVDQTVTQVFRLRPYQDVYVNVVDPKDVTLDLVELTFKDQYIGRGDMWRLKKSLVSTCAYITQKVEFAGIRAQAGELWVKNEKVMCGYISEDTRVVFRSTSAMVYIFIQMSCEMWDFDIYGDLYFEKAVNGFLADLFTKWKEKNCSHEVTVVLFSRTFYDAKSVDEFPEINRASIRQDHKGRFYEDFYKVVVQNERREEWTSLLVTIKKLFIQYPVLVRLEQAEGFPQGDNSTSAQGNYLEAINLSFNVFDKHYINRNFDRTGQMSVVITPGVGVFEVDRLLMILTKQRMIDNGIGVDLVCMGEQPLHAVPLFKLHNRSAPRDSRLGDDYNIPHWINHSFYTSKSQLFCNSFTPRIKLAGKKPASEKAKNGRDTSLGSPKESENALPIQVDYDAYDAQVFRLPGPSRAQCLTTCRSVRERESHSRKSASSCDVSSSPSLPSRTLPTEEVRSQASDDSSLGKSANILMIPHPHLHQYEVSSSLGYTSTRDVLENMMEPPQRDSSAPGRFHVGSAESMLHVRPGGYTPQRALINPFAPSRMPMKLTSNRRRWMHTFPVGPSGEAIQIHHQTRQNMAELQGSGQRDPTHSSAELLELAYHEAAGRHSNSRQPGDGMSFLNFSGTEELSVGLLSNSGAGMNPRTQNKDSLEDSVSTSPDPILTLSAPPVVPGFCCTVGVDWKSLTTPACLPLTTDYFPDRQGLQNDYTEGCYDLLPEADIDRRDEDGVQMTAQQVFEEFICQRLMQGYQIIVQPKTQKPNPAVPPPLSSSPLYSRGLVSRNRPEEEDQYWLSMGRTFHKVTLKDKMITVTRYLPKYPYESAQIHYTYSLCPSHSDSEFVSCWVEFSHERLEEYKWNYLDQYICSAGSEDFSLIESLKFWRTRFLLLPACVTATKRITEGEAHCDIYGDRPRADEDEWQLLDGFVRFVEGLNRIRRRHRSDRMMRKGTAMKGLQMTGPISTHSLESTAPPVGKKGTSALSALLEMEASQKCLGEQQAAVHGGKSSAQSAESSSVAMTPTYMDSPRKDGAFFMEFVRSPRTASSAFYPQVSVDQTATPMLDGTSLGICTGQSMDRGNSQTFGNSQNIGEQGYSSTNSSDSSSQQLVASSLTSSSTLTEILEAMKHPSTGVQLLSEQKGLSPYCFISAEVVHWLVNHVEGIQTQAMAIDIMQKMLEEQLITHASGEAWRTFIYGFYFYKIVTDKEPDRVAMQQPATTWHTAGVDDFASFQRKWFEVAFVAEELVHSEIPAFLLPWLPSRPASYASRHSSFSRSFGGRSQAAALLAATVPEQRTVTLDVDVNNRTDRLEWCSCYYHGNFSLNAAFEIKLHWMAVTAAVLFEMVQGWHRKATSCGFLLVPVLEGPFALPSYLYGDPLRAQLFIPLNISCLLKEGSEHLFDSFEPETYWDRMHLFQEAIAHRFGFVQDKYSASAFNFPAENKPQYIHVTGTVFLQLPYSKRKFSGQQRRRRNSTSSTNQNMFCEERVGYNWAYNTMLTKTWRSSATGDEKFADRLLKDFTDFCINRDNRLVTFWTSCLEKMHASAP,1603,reviewed,9606,"SUBCELLULAR LOCATION: Lysosome membrane {ECO:0000269|PubMed:28199306}. Cytoplasm, cytosol {ECO:0000250|UniProtKB:P61460}. Cytoplasm, perinuclear region {ECO:0000250|UniProtKB:P61460}. Note=Localization to lysosomes is mediated by the KICSTOR complex and is amino acid-independent. {ECO:0000269|PubMed:28199306}.",IML1 family,"DOMAIN 1187..1262; /note=""DEP""; /evidence=""ECO:0000255|PROSITE-ProRule:PRU00066""",,,"DISEASE: Epilepsy, familial focal, with variable foci 1 (FFEVF1) [MIM:604364]: An autosomal dominant form of epilepsy characterized by focal seizures arising from different cortical regions in different family members. Many patients have an aura and show automatisms during the seizures, whereas others may have nocturnal seizures. There is often secondary generalization. Some patients show abnormal interictal EEG, and some patients may have intellectual disability or autism spectrum disorders. Seizure onset usually occurs in the first or second decades, although later onset has been reported, and there is phenotypic variability within families. Penetrance of the disorder is incomplete. {ECO:0000269|PubMed:23542697, ECO:0000269|PubMed:23542701, ECO:0000269|PubMed:24283814, ECO:0000269|PubMed:24591017, ECO:0000269|PubMed:25366275, ECO:0000269|PubMed:26505888, ECO:0000269|PubMed:27173016}. Note=The disease is caused by variants affecting the gene represented in this entry.; DISEASE: Developmental and epileptic encephalopathy 111 (DEE111) [MIM:620504]: A form of epileptic encephalopathy, a heterogeneous group of early-onset epilepsies characterized by refractory seizures, neurodevelopmental impairment, and poor prognosis. Development is normal prior to seizure onset, after which cognitive and motor delays become apparent. DEE111 is an autosomal recessive form characterized by the onset of seizures in the first days, months, or years of life. Brain imaging shows frontal, parietal, and perisylvian polymicrogyria, dysmorphic basal ganglia and corpus callosum, and hypoplastic pons. Death in early childhood may occur. {ECO:0000269|PubMed:36067010}. Note=The disease is caused by variants affecting the gene represented in this entry.; DISEASE: Note=Inactivating mutations and truncating deletions in the genes encoding GATOR1 proteins, including DEPDC5, are detected in glioblastoma and ovarian tumors and are associated with loss of heterozygosity events. Inactivation of GATOR1 proteins promotes constitutive localization of mTORC1 to the lysosomal membrane and blocks mTORC1 inactivation following amino acid withdrawal (PubMed:23723238). {ECO:0000269|PubMed:23723238}.",,,GO:0005096; GO:0005764; GO:0005765; GO:0005829; GO:0010508; GO:0031267; GO:0034198; GO:0035556; GO:0044877; GO:0048471; GO:1904262; GO:1990130,ENST00000382111.6 [O75140-5];ENST00000382112.8 [O75140-10];ENST00000400242.8 [O75140-2];ENST00000400248.7 [O75140-1];ENST00000400249.7 [O75140-4];ENST00000535622.6 [O75140-8];ENST00000642696.1 [O75140-1];ENST00000644331.1 [O75140-4];ENST00000645711.1 [O75140-9];ENST00000646755.1 [O75140-2];ENST00000651528.2 [O75140-10];ENST00000915008.1 [O75140-9];ENST00000915010.1 [O75140-8];,HGNC:18423;,1603,0,8388a894a2be7b981e64b227952d32dd859b66a4325f2a7730a681022c4f0476,False,4.0,UniRef50_O75140,11.0,11.0,2.4849066497880004,6561.448558767741,4.093230541963656,[0 0 0 ... 1 1 1],[0 1 2 ... 2 1 0],sampled_mask,True,2,6928.050736104442,6769.682957443385,0.9692401549696376,0.9470843688505034,4.093230541963656,4.093452631747778,7.759635005345011,0.09667816612228407,0.8726712019860443,0.6905531958241564,0.42810495968279305
O42043,ERVK-18,"Endogenous retrovirus group K member 18 Env polyprotein (Envelope polyprotein) (HERV-K(C1a) envelope protein) (HERV-K110 envelope protein) (HERV-K18 envelope protein) (HERV-K18 superantigen) (HERV-K_1q23.3 provirus ancestral Env polyprotein) (IDDMK1,2 22 envelope protein) (IDDMK1,2 22 superantigen) [Cleaved into: Surface protein (SU); Transmembrane protein (TM)]",MVTPVTWMDNPIEVYVNDSVWVPGPTDDRCPAKPEEEGMMINISIGYHYPPICLGRAPGCLMPAVQNWLVEVPTVSPNSRFTYHMVSGMSLRPRVNCLQDFSYQRSLKFRPKGKTCPKEIPKGSKNTEVLVWEECVANSVVILQNNEFGTIIDWAPRGQFYHNCSGQTQSCPSAQVSPAVDSDLTESLDKHKHKKLQSFYLWEWEEKGISTPRPKIISPVSGPEHPELWRLTVASHHIRIWSGNQTLETRYRKPFYTIDLNSILTVPLQSCVKPPYMLVVGNIVIKPASQTITCENCRLFTCIDSTFNWQHRILLVRAREGMWIPVSTDRPWEASPSIHILTEILKGVLNRSKRFIFTLIAVIMGLIAVTATAAVAGVALHSSVQSVNFVNYWQKNSTRLWNSQSSIDQKLASQINDLRQTVIWMGDRLMTLEHHFQLQCDWNTSDFCITPQIYNESEHHWDMVRRHLQGREDNLTLDISKLKEQIFEASKAHLNLVPGTEAIAGVADGLANLNPVTWIKTIRSTMIINLILIVVCLFCLLLVCRCTQQLRRDSDIENGP,560,reviewed,9606,"SUBCELLULAR LOCATION: [Transmembrane protein]: Cell membrane {ECO:0000250}; Single-pass type I membrane protein {ECO:0000250}.; SUBCELLULAR LOCATION: [Surface protein]: Cell membrane {ECO:0000250}; Peripheral membrane protein {ECO:0000250}. Note=The surface protein is not anchored to the membrane, but localizes to the extracellular surface through its binding to TM. {ECO:0000250}.; SUBCELLULAR LOCATION: [Endogenous retrovirus group K member 18 Env polyprotein]: Virion {ECO:0000250}.","Beta type-B retroviral envelope protein family, HERV class-II K(HML-2) env subfamily",,"TRANSMEM 522..542; /note=""Helical""; /evidence=""ECO:0000255""",,,,,GO:0005198; GO:0005886,,HGNC:39025;,560,0,05799acf472343cca9c46f681e9fea31eb615315b98e4b9ffbac319a589b1a72,False,3.0,UniRef50_O42043,21.0,24.0,3.2188758248682006,2287.6488077604895,4.08508715671516,,,sampled_mask,False,1,2420.279733136923,2400.758619613812,0.952885804124899,0.9452001669226348,4.08508715671516,4.070950937656841,7.462444857070457,0.2880191949151261,0.8442975318902797,0.7098150196393829,0.578295629219487
Q6WQI6,HEPN1,Protein HEPN1 (Cancer susceptibility gene HEPN1 protein),MGNWGLGIAPWVDGESELEFRRLGMQGPLEALRRREWNTQRASFSFSFLIALSPHTVDYCHSYELFNRRWHGHVLATQRPSLFILMLV,88,reviewed,9606,SUBCELLULAR LOCATION: Cytoplasm {ECO:0000269|PubMed:12971969}.,,,,,,,,GO:0005737,ENST00000408930.7;,HGNC:34400;,88,0,b3be78b71a385430863be524eba29b9452cb3e7a35a03b22d8ab1558b32777b3,False,0.0,UniRef50_Q6WQI6,6.0,11.0,2.4849066497880004,358.8108383490549,4.07739589033017,,,sampled_mask,False,1,380.3296723500879,374.50872305004145,0.9580840612385709,0.9434205754495399,4.07739589033017,4.0394320211985155,6.141533482979862,0.07358557726418703,0.9930226143553937,0.7145257270588772,0.5756687664901925
Q9BZK8,OCR1,Ovarian cancer-related protein 1,MPVAPSNHCDNQCPHIFSKALVVSVAPSPPRDKPAPYTFTDVSSLCGLQKKCEGGKAMLFTLKRDRFSFLLFVSHC,76,reviewed,9606,,,,,,,,,,,,76,0,5373262bdbe1bf4fd61b4521508bfd93edee5bc36eabf2bc414fe60d0d37ce33,False,0.0,UniRef50_Q9BZK8,1.0,1.0,0.6931471805599453,309.68733849934785,4.074833401307209,,,sampled_mask,False,1,328.4665352114396,321.33469946790444,0.9637531801332275,0.9428276713181657,4.07483340130721,4.06621677122654,6.262808081131677,0.1908638091834448,1.0159119924583853,0.7122785424546745,0.4624900088510482
Q00597,FANCC FAC FACC,Fanconi anemia group C protein (Protein FACC),MAQDSVDLSCDYQFWMQKLSVWDQASTLETQQDTCLHVAQFQEFLRKMYEALKEMDSNTVIERFPTIGQLLAKACWNPFILAYDESQKILIWCLCCLINKEPQNSGQSKLNSWIQGVLSHILSALRFDKEVALFTQGLGYAPIDYYPGLLKNMVLSLASELRENHLNGFNTQRRMAPERVASLSRVCVPLITLTDVDPLVEALLICHGREPQEILQPEFFEAVNEAILLKKISLPMSAVVCLWLRHLPSLEKAMLHLFEKLISSERNCLRRIECFIKDSSLPQAACHPAIFRVVDEMFRCALLETDGALEIIATIQVFTQCFVEALEKASKQLRFALKTYFPYTSPSLAMVLLQDPQDIPRGHWLQTLKHISELLREAVEDQTHGSCGGPFESWFLFIHFGGWAEMVAEQLLMSAAEPPTALLWLLAFYYGPRDGRQQRAQTMVQVKAVLGHLLAMSRSSSLSAQDLQTVAGQGTDTDLRAPAQQLIRHLLLNFLLWAPGGHTIAWDVITLMAHTAEITHEIIGFLDQTLYRWNRLGIESPRSEKLARELLKELRTQV,558,reviewed,9606,SUBCELLULAR LOCATION: Nucleus. Cytoplasm. Note=The major form is nuclear. The minor form is cytoplasmic.,,,,,"DISEASE: Fanconi anemia complementation group C (FANCC) [MIM:227645]: A disorder affecting all bone marrow elements and resulting in anemia, leukopenia and thrombopenia. It is associated with cardiac, renal and limb malformations, dermal pigmentary changes, and a predisposition to the development of malignancies. At the cellular level it is associated with hypersensitivity to DNA-damaging agents, chromosomal instability (increased chromosome breakage) and defective DNA repair. {ECO:0000269|PubMed:11520787, ECO:0000269|PubMed:15299030, ECO:0000269|PubMed:1574115, ECO:0000269|PubMed:8128956, ECO:0000269|PubMed:8499901, ECO:0000269|PubMed:8844212, ECO:0000269|PubMed:9242535}. Note=The disease is caused by variants affecting the gene represented in this entry.",,,GO:0000785; GO:0005634; GO:0005654; GO:0005737; GO:0005829; GO:0006281; GO:0006289; GO:0034599; GO:0036297; GO:0043240; GO:0065003,ENST00000289081.8;ENST00000375305.6;ENST00000863590.1;ENST00000863591.1;ENST00000863592.1;ENST00000919082.1;,HGNC:3584;,558,0,2a6e522ca0f84f75e102989ddc1a2be7f575b84853f3cf7de7195229d570b824,False,3.0,UniRef50_Q00597,55.0,393.0,5.976350909297934,2272.5891172975525,4.072740353579843,,,sampled_mask,False,1,2411.6358769471485,2338.5684636858905,0.9717864379799487,0.9423433856749498,4.072740353579843,4.082535517036309,6.81555963307414,0.029529211549288503,0.9559273805014563,0.6975207672405261,0.738392145013238
O75969,AKAP3 AKAP110 SOB1,A-kinase anchor protein 3 (AKAP-3) (A-kinase anchor protein 110 kDa) (AKAP 110) (Cancer/testis antigen 82) (CT82) (Fibrous sheath protein of 95 kDa) (FSP95) (Fibrousheathin I) (Fibrousheathin-1) (Protein kinase A-anchoring protein 3) (PRKA3) (Sperm oocyte-binding protein),MSEKVDWLQSQNGVCKVDVYSPGDNQAQDWKMDTSTDPVRVLSWLRRDLEKSTAEFQDVRFKPGESFGGETSNSGDPHKGFSVDYYNTTTKGTPERLHFEMTHKEIPCQGPRAQLGNGSSVDEVSFYANRLTNLVIAMARKEINEKIDGSENKCVYQSLYMGNEPTPTKSLSKIASELVNETVSACSRNAAPDKAPGSGDRVSGSSQSPPNLKYKSTLKIKESTKERQGPDDKPPSKKSFFYKEVFESRNGDYAREGGRFFPRERKRFRGQERPDDFTASVSEGIMTYANSVVSDMMVSIMKTLKIQVKDTTIATILLKKVLLKHAKEVVSDLIDSFLRNLHSVTGTLMTDTQFVSAVKRTVFSHGSQKATDIMDAMLRKLYNVMFAKKVPEHVRKAQDKAESYSLISMKGMGDPKNRNVNFAMKSETKLREKMYSEPKSEEETCAKTLGEHIIKEGLTLWHKTQQKECKSLGFQHAAFEAPNTQRKPASDISFEYPEDIGNLSLPPYPPEKPENFMYDSDSWAEDLIVSALLLIQYHLAQGGRRDARSFVEAAGTTNFPANEPPVAPDESCLKSAPIVGDQEQAEKKDLRSVFFNFIRNLLSETIFKRDQSPEPKVPEQPVKEDRKLCERPLASSPPRLYEDDETPGALSGLTKMAVSQIDGHMSGQMVEHLMNSVMKLCVIIAKSCDASLAELGDDKSGDASRLTSAFPDSLYECLPAKGTGSAEAVLQNAYQAIHNEMRGTSGQPPEGCAAPTVIVSNHNLTDTVQNKQLQAVLQWVAASELNVPILYFAGDDEGIQEKLLQLSAAAVDKGCSVGEVLQSVLRYEKERQLNEAVGNVTPLQLLDWLMVNL,853,reviewed,9606,"SUBCELLULAR LOCATION: Cytoplasmic vesicle, secretory vesicle, acrosome {ECO:0000250|UniProtKB:O88987}. Cell projection, cilium, flagellum {ECO:0000250|UniProtKB:O88987}. Note=Dorsal margin of the acrosomal segment. Ribs of the fibrous sheath in the principal piece of the sperm tail. {ECO:0000250|UniProtKB:O88987}.",AKAP110 family,,,,DISEASE: Spermatogenic failure 82 (SPGF82) [MIM:620353]: An autosomal recessive male infertility disorder characterized by asthenoteratozoospermia and multiple morphologic abnormalities of the sperm flagella. {ECO:0000269|PubMed:35228300}. Note=The disease may be caused by variants affecting the gene represented in this entry.,,,GO:0001669; GO:0005634; GO:0005737; GO:0007178; GO:0007338; GO:0007340; GO:0008104; GO:0030317; GO:0035686; GO:0045184; GO:0051018; GO:0097225; GO:0097228,ENST00000228850.6;ENST00000545990.6;ENST00000861465.1;ENST00000861466.1;ENST00000861467.1;ENST00000861468.1;ENST00000861469.1;ENST00000934728.1;ENST00000934729.1;ENST00000934730.1;ENST00000941577.1;ENST00000941578.1;,HGNC:373;,853,0,b858ca62105dfee80b13b5b923c796ab499061258c3d0beba2b4f65561ff126e,False,4.0,UniRef50_O75969,17.0,251.0,5.529429087511423,3467.104069489212,4.064600315931081,,,sampled_mask,False,1,3686.6046649389205,3558.0809830111507,0.9744309041991096,0.9404599583087261,4.064600315931081,3.988126328775773,8.560444013932939,0.04752135392640993,0.8249668609948171,0.681629495963961,0.6705212029041698
Q86Y30,BAGE2,B melanoma antigen 2 (Cancer/testis antigen 2.2) (CT2.2),MAAGVVFLALSAQLLQARLMKEESPVVSWRLEPEDGTALDVHFVSTLEPLSNAVKRNVPRCIIILVLQEPTAFRISVTSSCFVQNTLTKLLKDRRKMQTVQCATARETS,109,reviewed,9606,SUBCELLULAR LOCATION: Secreted {ECO:0000305}.,BAGE family,,,"SIGNAL 1..17; /evidence=""ECO:0000255""",,,,GO:0005576,,HGNC:15723;,109,0,28a812cc683f1bc5ebe59bc09824fe41c9e161fcdceea87bd9e977ae70b29249,False,0.0,UniRef50_Q86Y29,2.0,2.0,1.0986122886681098,442.53339566767664,4.059939409795199,,,sampled_mask,False,1,471.0901623427225,448.00351582151563,0.9877900061926784,0.9393815261753002,4.059939409795199,4.0314322481936316,6.104269658052115,0.13891406323105274,0.7314204722560449,0.6965174637910794,0.4693615639587225
P49721,PSMB2,Proteasome subunit beta type-2 (Macropain subunit C7-I) (Multicatalytic endopeptidase complex subunit C7-I) (Proteasome component C7-I) (Proteasome subunit beta-4) (beta-4),MEYLIGIQGPDYVLVASDRVAASNIVQMKDDHDKMFKMSEKILLLCVGEAGDTVQFAEYIQKNVQLYKMRNGYELSPTAAANFTRRNLADCLRSRTPYHVNLLLAGYDEHEGPALYYMDYLAALAKAPFAAHGYGAFLTLSILDRYYTPTISRERAVELLRKCLEELQKRFILNLPTFSVRIIDKNGIHDLDNISFPKQGS,201,reviewed,9606,"SUBCELLULAR LOCATION: Cytoplasm {ECO:0000269|PubMed:12181345, ECO:0000269|PubMed:34711951}. Nucleus {ECO:0000269|PubMed:12181345, ECO:0000269|PubMed:34711951}. Note=Translocated from the cytoplasm into the nucleus following interaction with AKIRIN2, which bridges the proteasome with the nuclear import receptor IPO9. {ECO:0000269|PubMed:34711951}.",Peptidase T1B family,,,,,,,GO:0000502; GO:0002376; GO:0005634; GO:0005654; GO:0005737; GO:0005829; GO:0005839; GO:0006281; GO:0006915; GO:0006974; GO:0006979; GO:0007283; GO:0008021; GO:0010498; GO:0010499; GO:0016020; GO:0019774; GO:0030317; GO:0032729; GO:0032743; GO:0032760; GO:0034341; GO:0034515; GO:0043161; GO:0043374; GO:0045061; GO:0045063; GO:0045590; GO:0051321; GO:0061136; GO:0070062; GO:0071357; GO:0072539; GO:0160165; GO:2000045,ENST00000373237.4;,HGNC:9539;,201,0,399f114d49d742e5e918aba8dabf23ffc18039a053f32f634596c39912f41c9f,False,0.0,UniRef50_P49721,31.0,47.0,3.871201010907891,814.3924145137659,4.051703554794855,,,sampled_mask,False,1,868.70754707236,846.4041123897513,0.9621791796526094,0.9374759287614778,4.051703554794855,3.9874435576518477,6.165357207707982,0.17520627217274976,0.8049333259492313,0.685864274913591,0.6243747480463737
Q63HM2,PCNX4 C14orf135 FBP2 PCNXL4,Pecanex-like protein 4 (Hepatitis C virus F protein-binding protein 2) (HCV F protein-binding protein 2) (Pecanex homolog protein 4),MSPDVPLLNDYKQDFFLKRFPQTVLGGPRFKLGYCAPPYIYVNQIILFLMPWVWGGVGTLLYQLGILKDYYTAALSGGLMLFTAFVIQFTSLYAKNKSTTVERILTTDILAEEDEHEFTSCTGAETVKFLIPGKKYVANTVFHSILAGLACGLGTWYLLPNRITLLYGSTGGTALLFFFGWMTLCIAEYSLIVNTATETATFQTQDTYEIIPLMRPLYIFFFVSVDLAHRFVVNMPALEHMNQILHILFVFLPFLWALGTLPPPDALLLWAMEQVLEFGLGGSSMSTHLRLLVMFIMSAGTAIASYFIPSTVGVVLFMTGFGFLLSLNLSDMGHKIGTKSKDLPSGPEKHFSWKECLFYIIILVLALLETSLLHHFAGFSQISKSNSQAIVGYGLMILLIILWILREIQSVYIIGIFRNPFYPKDVQTVTVFFEKQTRLMKIGIVRRILLTLVSPFAMIAFLSLDSSLQGLHSVSVCIGFTRAFRMVWQNTENALLETVIVSTVHLISSTDIWWNRSLDTGLRLLLVGIIRDRLIQFISKLQFAVTVLLTSWTEKKQRRKTTATLCILNIVFSPFVLVIIVFSTLLSSPLLPLFTLPVFLVGFPRPIQSWPGAAGTTACVCADTVYYYQMVPRLTAVLQTAMAAGSLGLLLPGSHYLGRFQDRLMWIMILECGYTYCSINIKGLELQETSCHTAEARRVDEVFEDAFEQEYTRVCSLNEHFGNVLTPCTVLPVKLYSDARNVLSGIIDSHENLKEFKGDLIKVLVWILVQYCSKRPGMKENVHNTENKGKAPLMLPALNTLPPPKSPEDIDSLNSETFNDWSDDNIFDDEPTIKKVIEEKHQLKDLPGTNLFIPGSVESQRVGDHSTGTVPENDLYKAVLLGYPAVDKGKQEDMPYIPLMEFSCSHSHLVCLPAEWRTSCMPSSKMKEMSSLFPEDWYQFVLRQLECYHSEEKASNVLEEIAKDKVLKDFYVHTVMTCYFSLFGIDNMAPSPGHILRVYGGVLPWSVALDWLTEKPELFQLALKAFRYTLKLMIDKASLGPIEDFRELIKYLEEYERDWYIGLVSDEKWKEAILQEKPYLFSLGYDSNMGIYTGRVLSLQELLIQVGKLNPEAVRGQWANLSWELLYATNDDEERYSIQAHPLLLRNLTVQAAEPPLGYPIYSSKPLHIHLY,1172,reviewed,9606,SUBCELLULAR LOCATION: Membrane {ECO:0000305}; Multi-pass membrane protein {ECO:0000305}.,Pecanex family,,"TRANSMEM 45..65; /note=""Helical""; /evidence=""ECO:0000255""; TRANSMEM 73..93; /note=""Helical""; /evidence=""ECO:0000255""; TRANSMEM 140..160; /note=""Helical""; /evidence=""ECO:0000255""; TRANSMEM 173..193; /note=""Helical""; /evidence=""ECO:0000255""; TRANSMEM 208..228; /note=""Helical""; /evidence=""ECO:0000255""; TRANSMEM 244..264; /note=""Helical""; /evidence=""ECO:0000255""; TRANSMEM 307..327; /note=""Helical""; /evidence=""ECO:0000255""; TRANSMEM 357..377; /note=""Helical""; /evidence=""ECO:0000255""; TRANSMEM 388..405; /note=""Helical""; /evidence=""ECO:0000255""; TRANSMEM 448..468; /note=""Helical""; /evidence=""ECO:0000255""; TRANSMEM 494..514; /note=""Helical""; /evidence=""ECO:0000255""; TRANSMEM 534..552; /note=""Helical""; /evidence=""ECO:0000255""; TRANSMEM 565..585; /note=""Helical""; /evidence=""ECO:0000255""; TRANSMEM 607..629; /note=""Helical""; /evidence=""ECO:0000255""; TRANSMEM 634..654; /note=""Helical""; /evidence=""ECO:0000255""",,,,,GO:0016020,ENST00000406854.6;,HGNC:20349;,1172,0,b984863d50966a5a486d36526163b734929445fe26444be9e541c573ac24dc7a,False,4.0,UniRef50_Q63HM2,54.0,1674.0,7.423568444259167,4747.17616982395,4.050491612477773,[0 0 0 ... 1 1 1],[0 1 2 ... 2 1 0],sampled_mask,True,2,5065.299727207989,4933.3145213217185,0.9622691091976233,0.9371955117136986,4.050491612477773,4.040727394524814,7.328014961988845,0.02438810998198629,0.8747070893529498,0.6591389500453335,0.740312150084792
Q5JQD4,PYY3,Putative peptide YY-3 (Putative peptide YY3) (PYY-III),MVSVCRPWPAVAIALLALLVCLGALVDTCPIKPEAPGEDESLEELSHYYASLCHYLNVVTRQWWEGADMW,70,reviewed,9606,SUBCELLULAR LOCATION: Secreted {ECO:0000250}.,NPY family,,,"SIGNAL 1..23; /evidence=""ECO:0000255""",,,,GO:0005184; GO:0005615; GO:0007218; GO:0007631; GO:0031841,,HGNC:31855;,70,0,f9f3c0da865b050f5ba57a8ebaf782c56fdbccf82a1c9952543fb8dc7fbf8e25,False,0.0,UniRef50_Q5JQD4,1.0,3.0,1.3862943611198906,283.0766534128802,4.043952191612575,,,sampled_mask,False,1,302.53496664211536,298.1392212082254,0.949478073584873,0.9356824321988095,4.043952191612574,4.091843218101004,6.3488179806893745,0.052322937555848686,1.172795490842388,0.6815549849694191,0.4755488181988987
Q99571,P2RX4,P2X purinoceptor 4 (P2X4) (ATP receptor) (Purinergic receptor),MAGCCAALAAFLFEYDTPRIVLIRSRKVGLMNRAVQLLILAYVIGWVFVWEKGYQETDSVVSSVTTKVKGVAVTNTSKLGFRIWDVADYVIPAQEENSLFVMTNVILTMNQTQGLCPEIPDATTVCKSDASCTAGSAGTHSNGVSTGRCVAFNGSVKTCEVAAWCPVEDDTHVPQPAFLKAAENFTLLVKNNIWYPKFNFSKRNILPNITTTYLKSCIYDAKTDPFCPIFRLGKIVENAGHSFQDMAVEGGIMGIQVNWDCNLDRAASLCLPRYSFRRLDTRDVEHNVSPGYNFRFAKYYRDLAGNEQRTLIKAYGIRFDIIVFGKAGKFDIIPTMINIGSGLALLGMATVLCDIIVLYCMKKRLYYREKKYKYVEDYEQGLASELDQ,388,reviewed,9606,"SUBCELLULAR LOCATION: Cell membrane {ECO:0000269|PubMed:10515189, ECO:0000269|PubMed:23303206, ECO:0000269|PubMed:28326637}; Multi-pass membrane protein {ECO:0000250|UniProtKB:F8W463}. Lysosome membrane {ECO:0000269|PubMed:24817123}; Multi-pass membrane protein {ECO:0000255}.",P2X receptor family,,"TRANSMEM 34..54; /note=""Helical; Name=1""; /evidence=""ECO:0000255""; TRANSMEM 339..359; /note=""Helical; Name=2""; /evidence=""ECO:0000255""",,,"CATALYTIC ACTIVITY: Reaction=K(+)(in) = K(+)(out); Xref=Rhea:RHEA:29463, ChEBI:CHEBI:29103; Evidence={ECO:0000269|PubMed:9016352}; CATALYTIC ACTIVITY: Reaction=Na(+)(in) = Na(+)(out); Xref=Rhea:RHEA:34963, ChEBI:CHEBI:29101; Evidence={ECO:0000269|PubMed:9016352}; CATALYTIC ACTIVITY: Reaction=Ca(2+)(in) = Ca(2+)(out); Xref=Rhea:RHEA:29671, ChEBI:CHEBI:29108; Evidence={ECO:0000269|PubMed:9016352};",,GO:0001614; GO:0001894; GO:0002028; GO:0002931; GO:0004931; GO:0005102; GO:0005507; GO:0005524; GO:0005765; GO:0005886; GO:0007165; GO:0008217; GO:0008270; GO:0010524; GO:0010614; GO:0016020; GO:0019233; GO:0019722; GO:0030054; GO:0032308; GO:0033198; GO:0034220; GO:0034405; GO:0035590; GO:0042118; GO:0042802; GO:0043536; GO:0044297; GO:0045296; GO:0045429; GO:0048266; GO:0048471; GO:0048678; GO:0050850; GO:0050920; GO:0050975; GO:0051897; GO:0051899; GO:0051928; GO:0055117; GO:0055119; GO:0070062; GO:0070588; GO:0071294; GO:0071318; GO:0097190; GO:0098794; GO:0099604; GO:1904141; GO:2001028,ENST00000337233.9 [Q99571-1];ENST00000359949.11 [Q99571-2];ENST00000542067.5 [Q99571-3];,HGNC:8535;,388,0,74acc08b9ac28a6be88086257fd35c494a0d423b055dde888060c000f42e5e93,False,2.0,UniRef50_P51577,42.0,427.0,6.059123195581797,1567.648878960666,4.040332162269758,,,sampled_mask,False,1,1676.9081008162966,1658.5300963422214,0.9452037574826119,0.9348448362778827,4.040332162269758,4.011926147915423,7.511545215961186,0.09402371064645772,0.8886478459021704,0.6695793885295136,0.7294889227095593
Q9NYK6,EURL C21orf14 C21orf38 C21orf91 YG81,Protein EURL homolog,MNEEEQFVNIDLNDDNICSVCKLGTDKETLSFCHICFELNIEGVPKSDLLHTKSLRGHKDCFEKYHLIANQGCPRSKLSKSTYEEVKTILSKKINWIVQYAQNKDLDSDSECSKNPQHHLFNFRHKPEEKLLPQFDSQVPKYSAKWIDGSAGGISNCTQRILEQRENTDFGLSMLQDSGATLCRNSVLWPHSHNQAQKKEETISSPEANVQTQHPHYSREELNSMTLGEVEQLNAKLLQQIQEVFEELTHQVQEKDSLASQLHVRHVAIEQLLKNCSKLPCLQVGRTGMKSHLPINN,297,reviewed,9606,,EURL family,,,,,,,GO:0021895; GO:0060999,ENST00000284881.9 [Q9NYK6-1];ENST00000400558.7 [Q9NYK6-2];ENST00000400559.7 [Q9NYK6-3];ENST00000908059.1 [Q9NYK6-1];ENST00000925071.1 [Q9NYK6-3];,HGNC:16459;,297,0,96829bbcdffc0845adfded6565732e3a19cdeeca12b1abe530911f0819517b40,False,1.0,UniRef50_Q9NYK6,25.0,186.0,5.231108616854587,1199.703680796227,4.0394063326472285,,,sampled_mask,False,1,1283.6126441815468,1255.6069102932533,0.9554771250152089,0.9346306194741315,4.0394063326472285,4.118899872700043,7.927779003440562,0.03061561520587319,1.0935959581767551,0.6710446174158995,0.6866612812960744
Q9GZN8,ADISSP C20orf27,Adipose-secreted signaling protein,MAAANKGNKPRVRSIRFAAGHDAEGSHSHVHFDEKLHDSVVMVTQESDSSFLVKVGFLKILHRYEITFTLPPVHRLSKDVREAPVPSLHLKLLSVVPVPEGYSVKCEYSAHKEGVLKEEILLACEGGTGTCVRVTVQARVMDRHHGTPMLLDGVKCVGAELEYDSEHSDWHGFD,174,reviewed,9606,SUBCELLULAR LOCATION: Secreted {ECO:0000250|UniProtKB:Q9D1K7}.,ADISSP family,,,,,,,GO:0005615; GO:0007189; GO:0008157; GO:0030511; GO:0042593; GO:1901224; GO:1990845,ENST00000217195.12 [Q9GZN8-2];ENST00000379772.4 [Q9GZN8-1];ENST00000399672.5 [Q9GZN8-1];ENST00000888333.1 [Q9GZN8-1];ENST00000888335.1 [Q9GZN8-1];ENST00000888336.1 [Q9GZN8-1];ENST00000888337.1 [Q9GZN8-1];ENST00000936143.1 [Q9GZN8-1];ENST00000936144.1 [Q9GZN8-1];ENST00000936145.1 [Q9GZN8-1];ENST00000936146.1 [Q9GZN8-2];ENST00000936147.1 [Q9GZN8-2];ENST00000948129.1 [Q9GZN8-1];,HGNC:15873;,174,0,6a52fd134d55e48be92e1d600e08b8c5b71665ec4c41fc85bcf4d342bcde4f06,False,0.0,UniRef50_Q9GZN8,44.0,77.0,4.356708826689592,702.3170039734354,4.036304620536985,,,sampled_mask,False,1,752.015488510401,728.1103681067517,0.9645749253641521,0.9339129508683274,4.036304620536986,3.9197322681806517,6.7797803623886415,0.10940729004324398,0.8242863328115148,0.671174775597926,0.6422119296993944
Q8N2K1,UBE2J2 NCUBE2,Ubiquitin-conjugating enzyme E2 J2 (EC 2.3.2.23) (E2 ubiquitin-conjugating enzyme J2) (Non-canonical ubiquitin-conjugating enzyme 2) (NCUBE-2),MSSTSSKRAPTTATQRLKQDYLRIKKDPVPYICAEPLPSNILEWHYVVRGPEMTPYEGGYYHGKLIFPREFPFKPPSIYMITPNGRFKCNTRLCLSITDFHPDTWNPAWSVSTILTGLLSFMVEKGPTLGSIETSDFTKRQLAVQSLAFNLKDKVFCELFPEVVEEIKQKQKAQDELSSRPQTLPLPDVVPDGETHLVQNGIQLLNGHAPGAVPNLAGLQQANRHHGLLGGALANLFVIVGFAAFAYTVKYVLRSIAQE,259,reviewed,9606,SUBCELLULAR LOCATION: Endoplasmic reticulum membrane {ECO:0000250|UniProtKB:Q9Y385}; Single-pass type IV membrane protein {ECO:0000250|UniProtKB:Q9Y385}.,Ubiquitin-conjugating enzyme family,"DOMAIN 12..162; /note=""UBC core""; /evidence=""ECO:0000255|PROSITE-ProRule:PRU00388""","TRANSMEM 227..247; /note=""Helical; Anchor for type IV membrane protein""; /evidence=""ECO:0000255""",,,CATALYTIC ACTIVITY: Reaction=S-ubiquitinyl-[E1 ubiquitin-activating enzyme]-L-cysteine + [E2 ubiquitin-conjugating enzyme]-L-cysteine = [E1 ubiquitin-activating enzyme]-L-cysteine + S-ubiquitinyl-[E2 ubiquitin-conjugating enzyme]-L-cysteine.; EC=2.3.2.23; Evidence={ECO:0000255|PROSITE-ProRule:PRU00388};,,GO:0000151; GO:0000209; GO:0005524; GO:0005634; GO:0005783; GO:0005789; GO:0005829; GO:0006511; GO:0006986; GO:0031625; GO:0036503; GO:0061631; GO:0085020; GO:1903955,ENST00000349431.11 [Q8N2K1-1];ENST00000360466.6 [Q8N2K1-1];ENST00000400930.8 [Q8N2K1-3];ENST00000905706.1 [Q8N2K1-1];ENST00000905707.1 [Q8N2K1-1];ENST00000905709.1 [Q8N2K1-1];ENST00000905710.1 [Q8N2K1-1];ENST00000905711.1 [Q8N2K1-1];ENST00000905712.1 [Q8N2K1-1];ENST00000905713.1 [Q8N2K1-1];ENST00000905714.1 [Q8N2K1-1];ENST00000919402.1 [Q8N2K1-1];ENST00000919403.1 [Q8N2K1-1];ENST00000919404.1 [Q8N2K1-1];ENST00000954858.1 [Q8N2K1-1];ENST00000954859.1 [Q8N2K1-1];,HGNC:19268;,259,0,d0e50438df6ffadafac557c15de1ee3bd8599ff67b5d20445078713f74323e8e,False,1.0,UniRef50_Q8N2K1,32.0,212.0,5.3612921657094255,1040.7285901397097,4.018257104786524,,,sampled_mask,False,1,1119.3793765758269,1084.6512534286346,0.959505266646691,0.9297371489220131,4.0182571047865245,4.0298314336794006,6.818457196775877,0.012023114984951191,0.8614267344404175,0.6508938535479287,0.6777415589027913
Q0VD86,INCA1 HSD45,Protein INCA1 (Inhibitor of CDK interacting with cyclin A1),MQVQDDGVNLIPFAKCSRVVSRSPPPRLPSQSLRPMPQRYGDVFWKNLNQRPTPTWLEEQHIPPMLRATGCSQLGLYPPEQLPPPEMLWRRKKRRPCLEGMQQQGLGGVPARVRAVTYHLEDLRRRQSIINELKKAQWGSSGAASEPVVLGEEGCGFPSTNEYPDLEEERATYPQEEDRFLTPGRAQLLWSPWSPLDQEEACASRQLHSLASFSTVTARRNPLHNPWGMELAASEE,236,reviewed,9606,"SUBCELLULAR LOCATION: Nucleus {ECO:0000269|PubMed:15159402, ECO:0000269|PubMed:18756329}. Cytoplasm {ECO:0000269|PubMed:18756329}.",INCA family,,,,,,,GO:0004861; GO:0005634; GO:0005737; GO:0008285; GO:0030332; GO:0042802; GO:0044877; GO:0045736,ENST00000355025.7 [Q0VD86-2];ENST00000574617.1 [Q0VD86-1];ENST00000575780.5 [Q0VD86-2];ENST00000576820.5 [Q0VD86-1];ENST00000695324.1 [Q0VD86-1];ENST00000895019.1 [Q0VD86-1];ENST00000895020.1 [Q0VD86-2];ENST00000895021.1 [Q0VD86-1];ENST00000895022.1 [Q0VD86-2];ENST00000895023.1 [Q0VD86-1];ENST00000895024.1 [Q0VD86-1];ENST00000895025.1 [Q0VD86-2];ENST00000895026.1 [Q0VD86-2];ENST00000895027.1 [Q0VD86-2];ENST00000949043.1 [Q0VD86-1];ENST00000949044.1 [Q0VD86-2];ENST00000949045.1 [Q0VD86-1];ENST00000949046.1 [Q0VD86-1];ENST00000949047.1 [Q0VD86-2];ENST00000949048.1 [Q0VD86-2];,HGNC:32224;,236,0,2c4e50f9cb713da8f87e82a8382b84d2d7fa858357d5c19ad0bdbf39fba08804,False,1.0,UniRef50_Q0VD86,25.0,149.0,5.0106352940962555,947.690729557563,4.015638684565945,,,sampled_mask,False,1,1019.9750303934176,983.8864813121635,0.96321145534358,0.9291313035300741,4.015638684565945,3.8559067547230494,6.944246683478142,0.29277096806930875,0.9882753181609192,0.6488797667966364,0.6557022917169091
Q6ZWC4,,Putative uncharacterized protein LOC100128429,MCWGKHWPRPEGRNLACSKGSPGWRTAGQGSGSYGAATLGKGTEQRGVGALRRGLLSFTCFCLSNWTSGAGFSEMGRSRFEEGRLGYSSDVLSARPTMSPTEMLRSRALNLGAATVLRRHRAPQGTSSYQEGRRAHEATSAESDDDNGVQVLASLAVSCAQHSRHKDPVGTQLQQACAQVPTSRAPLWPCPSHRLMHSTDGPLDPEPLSTLLPAA,215,reviewed,9606,,,,,,,,,,,,215,0,81d4689cec25c9a22d074245d9c68f2bd43642c421da4ee00101f051f9495795,False,1.0,UniRef50_Q6ZWC4,1.0,1.0,0.6931471805599453,862.377028282296,4.011055945499051,,,sampled_mask,False,1,929.214540400783,890.1621931194533,0.9687864020153587,0.9280709575533987,4.011055945499051,3.660662762400442,7.312319825271104,0.14170256843431095,0.9773067893244833,0.6448488104625691,0.3837208792981497
Q2MV58,TCTN1 TECT1 UNQ9369/PRO34160,Tectonic-1,MRPRGLPPLLVVLLGCWASVSAQTDATPAVTTEGLNSTEAALATFGTFPSTRPPGTPRAPGPSSGPRPTPVTDVAVLCVCDLSPAQCDINCCCDPDCSSVDFSVFSACSVPVVTGDSQFCSQKAVIYSLNFTANPPQRVFELVDQINPSIFCIHITNYKPALSFINPEVPDENNFDTLMKTSDGFTLNAESYVSFTTKLDIPTAAKYEYGVPLQTSDSFLRFPSSLTSSLCTDNNPAAFLVNQAVKCTRKINLEQCEEIEALSMAFYSSPEILRVPDSRKKVPITVQSIVIQSLNKTLTRREDTDVLQPTLVNAGHFSLCVNVVLEVKYSLTYTDAGEVTKADLSFVLGTVSSVVVPLQQKFEIHFLQENTQPVPLSGNPGYVVGLPLAAGFQPHKGSGIIQTTNRYGQLTILHSTTEQDCLALEGVRTPVLFGYTMQSGCKLRLTGALPCQLVAQKVKSLLWGQGFPDYVAPFGNSQAQDMLDWVPIHFITQSFNRKDSCQLPGALVIEVKWTKYGSLLNPQAKIVNVTANLISSSFPEANSGNERTILISTAVTFVDVSAPAEAGFRAPPAINARLPFNFFFPFV,587,reviewed,9606,"SUBCELLULAR LOCATION: Cytoplasm, cytoskeleton, cilium basal body {ECO:0000250}. Secreted {ECO:0000305}. Note=Despite the presence of a signal sequence, the full-length protein might not be secreted. Localizes at the transition zone, a region between the basal body and the ciliary axoneme. {ECO:0000250}.",Tectonic family,,,"SIGNAL 1..22; /evidence=""ECO:0000255""","DISEASE: Joubert syndrome 13 (JBTS13) [MIM:614173]: A disorder presenting with cerebellar ataxia, oculomotor apraxia, hypotonia, neonatal breathing abnormalities and psychomotor delay. Neuroradiologically, it is characterized by cerebellar vermian hypoplasia/aplasia, thickened and reoriented superior cerebellar peduncles, and an abnormally large interpeduncular fossa, giving the appearance of a molar tooth on transaxial slices (molar tooth sign). Additional variable features include retinal dystrophy and renal disease. {ECO:0000269|PubMed:21725307}. Note=The disease is caused by variants affecting the gene represented in this entry.",,,GO:0005615; GO:0005829; GO:0016020; GO:0035869; GO:0036038; GO:0060271; GO:1904491,ENST00000397655.7 [Q2MV58-3];ENST00000397659.9 [Q2MV58-2];ENST00000551590.5 [Q2MV58-1];,HGNC:26113;,587,0,855f7868cb070c0f043086b1447782e5b2da87ef3e61e56cfa11757729f38511,False,3.0,UniRef50_Q8BZ64,66.0,340.0,5.831882477283517,2352.684567032726,4.007980523054048,,,sampled_mask,False,1,2536.971791698882,2447.0674130942816,0.9614302223320405,0.9273593718033625,4.007980523054047,3.973851424788858,7.678747437060611,0.009999080726464913,0.8640169092713362,0.6319989510360653,0.6614812813139386
Q5THK1,PRR14L C22orf30,Protein PRR14L (Proline rich 14-like protein),MLSSGVETQPVPLDSSMSAVVQELYSELPVSVSRELHADPEPSVIPDVKPGASSSLLSQNRALPLELQRTHVESCCEETYETLDHGSEPGRCGLVDSTAGGSVASGILDRAKRSESMEPKVFRDPGGQAGIIREPSEGAKEDPHQHSTAAEEKTSPSQEDLLMQSSKELSHVDLPEDFLRSKEGNVQITAETLLKSAEVQGMKVNGTKTDNNEGHKNGNVSKDLSAGCGEFQEVDKIMTSDEVSETSTLVTPEPLTFVDPVLTEATPKEKECEELKSCPWLSLPGNSAISNVDNGKEELCKPNLVCEADDNHQQLHGHHNEQPSSTHDSPTATSPLKENSEVSCFTSDLSGPESRTISLENCGFEGGGLLKRSAEKTDSSYFYRGDDQGKNLASREENEERLLIPRSERGGPFLFNAREPEKEISGRCSGEKEPVVSPKENIHNNCIQDSLHTGNSSSLMPNSFTEATEVMLNKNDLKITVHVQGNLTNPEDHKETFTNMSHPGGHSEESSFSSLMQIEEAGQTTPVEPNILSKSFYTKDCNSLVSIQRNLEGNTQLNEASCNDFLFERKSIVSLMPEDQISPVSEVLKPKQGTALLLPSPEFDYRPESEKVIQTSHDDIPLLDEQSIACEMNELSCTNELVVNKVESECVLNQQVSLNSQEHANLPTDSLLHLNKEMPLATGRDAHQSHHPPLEGRADVIADIQTIPIQTKIKDISPPGNQTCGASSNCPTLNIKPVSLERKKEMADSGTKALHSRLRSNKREAAGFPQVVSVIECHSVQSQDISSCHRVRKNVSQENMCSASAAFKSSKISLQVDNSLITKYENAFQHRDHCCQGTGHSVEKSSCKVSYTSQERELDGKETNGSLPGDKIRNKMVAGLLNSGISNKTIHTSSSIKLSEEGLEGKEQDVSKETVFCKYNISDHAIQELNQTVNIPGPEKVLDQSPTVMFSSFKNVKSVETLDQKADEVLDCQSNQNRPDECKSEGQSAKEMLSSDQRETVTEPHGEVNHNQKDLLVSSGSNNSLPCGSPKKCNLKGAFVKMSGCDESTEGMVDIVYTDCSNKLAEGVLDVKASNLLDCGARQEKLAFQEDSRSTLSRRELDAAHTGTTGQDSDFPVTAASTVDFLKIKKSCEENVCRSLKDCEMEKCPDSCAHEMESVADHEPNKRILGRVNLSLNDSHYGQQDKGTSLRETQEMTEGSRLEPNSEFGKESTFGISSKESMSCHDESSVSLRSLKSIEIMPSQENSETNVNSEETDLKNLCKPKDGEMLCENVKDCTVLPEMKEIVSRDWSNSSDRDSVCTCVEKNACKACHPHENSSDRHLPLTVKTDIKVKGEETEEHQRGRLGYLTVGEQSEELVTRETGDGDPVSNISQTHFKCRGILNHAEKQQSPEVLDYMLQKEEKYIRQQKAHTISQQCISSSLLLDDAQNQNQPKADKDESTMINEITLAKLAKDSIVAQTQKLEDQKEERLHHPLRKDTESCTSPCLLGAPRKAQDPSSAGCDQIHGAFAKKGVLPLKKQPHRTCKKVSYQEQIIVGRKIGKIRSSAFLKSSSNPIPTKAHRLLSLCTLSAPTRLEPETAPTKSLVSHIPKQMSTPCHPLRSLNFRKTTKESALLNKLSILASKLAPAMKTQKLRYRRCSSELLPMAKSYKRLRYKRLLDGFSSSTEQLNPYLAASGWDKRPNSKPMALYSLESIKMTFIDLSNKMPSLLFGSEIFPVSFHVKSSSSDCTTESSRTFPEHCAPARLALGEALQCPSQPPKWTFSFFLSHGCPGMATFREDTGVHSQTHTQAPPQPPAPLQDYGGTAIVQTRADCSVLGLHTLLALCSPGCYRIWTKKRSFSSHMPTMQRLFMTQFTQGLKGLRSPASIADKVFCSLPYSVGRVLSIWSQHGPSVCSFEISSLHSPHCKRQPSLGTTSSHTMLPYVPLPGMEATYNTSGSQTRLEPPFPALVPKSCLVAESAVSKLLLSASEFQVRGLDELDGVKAACPCPQSSPPEQKEAEPEKRPKKVSQIRIRKTIPRPDPNLTPMGLPRPKRLKKKEFSLEEIYTNKNYKSPPANRCLETIFEEPKERNGTLISISQQKRKRVLEFQDFTVPRKRRARGKVKVAGSFTRAQKAAVQSRELDALLIQKLMELETFFAKEEEQEQSSGC,2151,reviewed,9606,,,,,,,,,,ENST00000327423.11 [Q5THK1-1];ENST00000923610.1 [Q5THK1-1];ENST00000923611.1 [Q5THK1-1];,HGNC:28738;,2151,0,a88e68c85b4e51531c7ceb5fa8dabcb4308a6297fda3e9e9bf89419a32b1c85b,False,4.0,UniRef50_Q5THK1,51.0,266.0,5.58724865840025,8620.263830970187,4.007561055774145,[0 0 0 ... 2 2 2],[0 1 2 ... 2 1 0],sampled_mask,True,3,9296.467332102717,8909.969857918368,0.9674851843981586,0.9272623162136597,4.007561055774145,3.979392361834356,8.988100201152019,0.3573699734991663,0.8307984921369447,0.5904848078446934,0.4770990725544877
Q969F9,HPS3,BLOC-2 complex member HPS3 (Hermansky-Pudlak syndrome 3 protein),MVQLYNLHPFGSQQVVPCKLEPDRFCGGGRDALFVAAGCKVEAFAVAGQELCQPRCAFSTLGRVLRLAYSEAGDYLVAIEEKNKATFLRAYVNWRNKRTENSRVCIRMIGHNVEGPFSKAFRDQMYIIEMPLSEAPLCISCCPVKGDLLVGCTNKLVLFSLKYQIINEEFSLLDFERSLIIHIDNITPVEVSFCVGYVAVMSDLEVLIVKLESGPKNGERVHHHPHKTNNRIRRTEEGISNEISQLESDDFVICQKPLELLGEKSEQSGLSVTLESTGLADEKRKYSHFQHLLYRRFAPDISSYVLSDDIKLHSLQLLPIYQTGSLTSDGKNLSQEKELLSLFCFFSLPHVGYLYMVVKSVELMSVYQYPEKSQQAVLTPQFLHVITSNNLQCFTVRCSAAAAREEDPYMDTTLKACPPVSMDVCALRIQLFIGLKAICHFKNHIILLTKAEPEAIPERRQSPKRLLSRKDTSVKIKIPPVAEAGWNLYIVNTISPVQLYKEMVDYSNTYKTVKTQSCIHLLSEAHLLVRAALMDASQLEPGEKAELLEAFKESCGHLGDCYSRLDSQHSHLTLPYYKMSGLSMAEVLARTDWTVEDGLQKYERGLIFYINHSLYENLDEELNEELAAKVVQMFYVAEPKQVPHILCSPSMKNINPLTAMSYLRKLDTSGFSSILVTLTKAAVALKMGDLDMHRNEMKSHSEMKLVCGFILEPRLLIQQRKGQIVPTELALHLKETQPGLLVASVLGLQKNNKIGIEEADSFFKVLCAKDEDTIPQLLVDFWEAQLVACLPDVVLQELFFKLTSQYIWRLSKRQPPDTTPLRTSEDLINACSHYGLIYPWVHVVISSDSLADKNYTEDLSKLQSLICGPSFDIASIIPFLEPLSEDTIAGLSVHVLCRTRLKEYEQCIDILLERCPEAVIPYANHELKEENRTLWWKKLLPELCQRIKCGGEKYQLYLSSLKETLSIVAVELELKDFMNVLPEDGTATFFLPYLLYCSRKKPLT,1004,reviewed,9606,"SUBCELLULAR LOCATION: Cytoplasm {ECO:0000250|UniProtKB:Q91VB4}. Cytoplasm, cytosol {ECO:0000269|PubMed:15030569}.",,,,,"DISEASE: Hermansky-Pudlak syndrome 3 (HPS3) [MIM:614072]: A form of Hermansky-Pudlak syndrome, a genetically heterogeneous autosomal recessive disorder characterized by oculocutaneous albinism, bleeding due to platelet storage pool deficiency, and lysosomal storage defects. This syndrome results from defects of diverse cytoplasmic organelles including melanosomes, platelet dense granules and lysosomes. Ceroid storage in the lungs is associated with pulmonary fibrosis, a common cause of premature death in individuals with HPS. {ECO:0000269|PubMed:11455388, ECO:0000269|PubMed:11590544}. Note=The disease is caused by variants affecting the gene represented in this entry.",,,GO:0005737; GO:0005769; GO:0005829; GO:0031084; GO:0043473; GO:0060155; GO:1903232,ENST00000296051.7 [Q969F9-1];,HGNC:15597;,1004,0,c915eb849d204a85c7dce29a4124d9b3a430a60176fc924fd75e86150fe556e1,False,4.0,UniRef50_Q969F9,24.0,402.0,5.998936561946683,4018.6828738529784,4.002672185112528,[0 0 0 ... 1 1 1],[0 1 2 ... 2 1 0],sampled_mask,True,2,4339.215807266912,4193.410272334015,0.9583328634372366,0.9261311380556057,4.002672185112528,4.061121269246777,9.314175867534887,0.20718356539128707,0.9684883533249603,0.6157337845427024,0.62163186082996
Q8WVI0,UQCC5 C3orf78 SMIM4,Ubiquinol-cytochrome c reductase complex assembly factor 5 (Small integral membrane protein 4),MFTRAQVRRILQRVPGKQRFGIYRFLPFFFVLGGTMEWIMIKVRVGQETFYDVYRRKASERQYQRRLEDE,70,reviewed,9606,SUBCELLULAR LOCATION: Mitochondrion inner membrane {ECO:0000269|PubMed:34969438}; Single-pass membrane protein {ECO:0000255}.,UQCC5 family,,"TRANSMEM 20..41; /note=""Helical""; /evidence=""ECO:0000255""",,,,,GO:0005739; GO:0005743; GO:0033617; GO:0034551; GO:0097177,ENST00000477703.6;ENST00000916170.1;,HGNC:37257;,70,0,7337d9e50a082f07841c8e471dda906495367210ec98d9d9a49b6b006103531c,False,0.0,UniRef50_Q8C1Q6,18.0,25.0,3.258096538021482,279.9340252900689,3.999057504143842,,,sampled_mask,False,1,302.53496664211536,301.31543956482614,0.9290397654178052,0.9252947796319283,3.999057504143842,3.9666252297475557,6.959760894447174,0.12565876913869373,0.9425045551853,0.6366602975006863,0.5475639877760621
P56555,DSCR4 DCRB DSCRB,Down syndrome critical region protein 4 (Down syndrome critical region protein B),MSLIILTRDDEPRIFTPDSDAASPALHSTSPLPDPASASPLHREEKILPKVCNIVSCLSFSLPASPTDSGLASPTIITREGQQFWAKCLIWKYQLYLHGLHKKSDGRRDKQISASPST,118,reviewed,9606,,,,,,,,,,,HGNC:3045;,118,0,dcd18e1d561446d0b5ff6eabde7fe8f559f321940f662a2632e8e5acac3c412c,False,0.0,UniRef50_P56555,3.0,21.0,3.091042453358316,471.6225659356203,3.9968014062340704,,,sampled_mask,False,1,509.9875151967088,487.7941432128533,0.9668475370148583,0.9247727677288519,3.996801406234071,4.048180606665255,6.199564556964594,0.11565712882668278,0.9287721672484818,0.6331429819158827,0.5296969703130321
Q56P42,PYDC2 POP2,Pyrin domain-containing protein 2 (Pyrin-only protein 2) (cellular POP2) (cPOP2),MASSAELDFNLQALLEQLSQDELSKFKSLIRTISLGKELQTVPQTEVDKANGKQLVEIFTSHSCSYWAGMAAIQVFEKMNQTHLSGRADEHCVMPPP,97,reviewed,9606,"SUBCELLULAR LOCATION: Cytoplasm {ECO:0000269|PubMed:17178784, ECO:0000269|PubMed:17339483}. Nucleus {ECO:0000269|PubMed:17178784, ECO:0000269|PubMed:17339483}. Note=Recruited to specks formed by PYCARD within the cytoplasm. {ECO:0000269|PubMed:17178784}.",,"DOMAIN 1..94; /note=""Pyrin""; /evidence=""ECO:0000255|PROSITE-ProRule:PRU00061""",,,,,,GO:0005634; GO:0005654; GO:0005730; GO:0005737; GO:0005829; GO:0006954; GO:0010804; GO:0032691; GO:0045087; GO:0050728; GO:1900226; GO:1901223,ENST00000518817.1;,HGNC:33512;,97,0,38d42d015ebf17bbb5480ab6b34c72435811aac3904802f898dde463c83bc5b2,False,0.0,UniRef50_Q56P42,5.0,10.0,2.3978952727983707,387.6213041260667,3.99609591882543,,,sampled_mask,False,1,419.22702520407415,404.6485385939192,0.9579209292908382,0.924609533312834,3.99609591882543,3.91118473043277,6.3393981469363165,0.07843913727539123,0.9788357401562046,0.6329892772400689,0.4879635155964972
O15033,AREL1 KIAA0317,Apoptosis-resistant E3 ubiquitin protein ligase 1 (EC 2.3.2.26) (Apoptosis-resistant HECT-type E3 ubiquitin transferase 1),MFYVIGGITVSVVAFFFTIKFLFELAARVVSFLQNEDRERRGDRTIYDYVRGNYLDPRSCKVSWDWKDPYEVGHSMAFRVHLFYKNGQPFPAHRPVGLRVHISHVELAVEIPVTQEVLQEPNSNVVKVAFTVRKAGRYEITVKLGGLNVAYSPYYKIFQPGMVVPSKTKIVCHFSTLVLTCGQPHTLQIVPRDEYDNPTNNSMSLRDEHNYTLSIHELGPQEEESTGVSFEKSVTSNRQTFQVFLRLTLHSRGCFHACISYQNQPINNGEFDIIVLSEDEKNIVERNVSTSGVSIYFEAYLYNATNCSSTPWHLPPMHMTSSQRRPSTAVDEEDEDSPSECHTPEKVKKPKKVYCYVSPKQFSVKEFYLKIIPWRLYTFRVCPGTKFSYLGPDPVHKLLTLVVDDGIQPPVELSCKERNILAATFIRSLHKNIGGSETFQDKVNFFQRELRQVHMKRPHSKVTLKVSRHALLESSLKATRNFSISDWSKNFEVVFQDEEALDWGGPRREWFELICKALFDTTNQLFTRFSDNNQALVHPNPNRPAHLRLKMYEFAGRLVGKCLYESSLGGAYKQLVRARFTRSFLAQIIGLRMHYKYFETDDPEFYKSKVCFILNNDMSEMELVFAEEKYNKSGQLDKVVELMTGGAQTPVTNANKIFYLNLLAQYRLASQVKEEVEHFLKGLNELVPENLLAIFDENELELLMCGTGDISVSDFKAHAVVVGGSWHFREKVMRWFWTVVSSLTQEELARLLQFTTGSSQLPPGGFAALCPSFQIIAAPTHSTLPTAHTCFNQLCLPTYDSYEEVHRMLQLAISEGCEGFGML,823,reviewed,9606,,,"DOMAIN 483..823; /note=""HECT""; /evidence=""ECO:0000255|PROSITE-ProRule:PRU00104""",,,,"CATALYTIC ACTIVITY: Reaction=S-ubiquitinyl-[E2 ubiquitin-conjugating enzyme]-L-cysteine + [acceptor protein]-L-lysine = [E2 ubiquitin-conjugating enzyme]-L-cysteine + N(6)-ubiquitinyl-[acceptor protein]-L-lysine.; EC=2.3.2.26; Evidence={ECO:0000269|PubMed:23479728, ECO:0000269|PubMed:25752577};",,GO:0004842; GO:0005737; GO:0005829; GO:0006511; GO:0006915; GO:0016567; GO:0043066; GO:0050727; GO:0061630; GO:0070979; GO:1990390,ENST00000356357.9 [O15033-1];ENST00000681599.1 [O15033-1];ENST00000880345.1 [O15033-1];ENST00000880347.1 [O15033-1];ENST00000919346.1 [O15033-1];ENST00000951857.1 [O15033-1];,HGNC:20363;,823,0,b2fbc7b745021ca8acf2ac7566c7897194d553ded4b2dc0d7cace5780ae13d4f,False,4.0,UniRef50_O15033,1060.0,1430.0,7.266128779556451,3288.3592540223603,3.995576250330936,,,sampled_mask,False,1,3556.9468220922995,3483.2895814639814,0.9440384375508354,0.9244892933451425,3.9955762503309367,4.012235200739023,7.968668910579099,0.06189192863732505,0.9729516979322061,0.6133936914107117,0.7132043159994259
Q9BR10,SPATA25 C20orf165 TSG23,Spermatogenesis-associated protein 25 (Testis-specific gene 23 protein),MSYFRTPQTHPGPLPSGQGGAASPGLSLGLCSPVEPVVVASGGTGPLSQKAEQVAPAAQAWGPALAMPQARGCPGGTSWETLRKEYSRNCHKFPHVRQLESLGWDNGYSRSRAPDLGGPSRPRPLMLCGLSPRVLPVPSEAVGKEASSQPDICILTLAMMIAGIPTVPVPGVREEDLIWAAQAFMMAHPEPEGAVEGARWEQAHAHTASGKMPLVRSKRGQPPGSCL,227,reviewed,9606,SUBCELLULAR LOCATION: Membrane {ECO:0000305}; Single-pass membrane protein {ECO:0000305}.,SPATA25 family,,"TRANSMEM 152..172; /note=""Helical""; /evidence=""ECO:0000255""",,,,,GO:0007283; GO:0016020; GO:0030154,ENST00000372519.4;,HGNC:16158;,227,0,7a90515f8ba14f2b6e4ec58eb52d21b19a92f173e24579206350cb41544293c1,False,1.0,UniRef50_Q9BR10,21.0,153.0,5.0369526024136295,906.2255022824894,3.9921828294382795,,,sampled_mask,False,1,981.0776775394313,939.8301455222322,0.9642439185422491,0.9237041296825006,3.99218282943828,3.687078953607668,7.413746937582747,0.15971092555073405,1.0767962647183196,0.6256603899830395,0.6348608587072917
Q9UHP9,SMPX SRMX,Small muscular protein (Stretch-responsive skeletal muscle protein),MNMSKQPVSNVRAIQANINIPMGAFRPGAGQPPRRKECTPEVEEGVPPTSDEEKKPIPGAKKLPGPAVNLSEIQNIKSELKYVPKAEQ,88,reviewed,9606,,SMPX family,,,,"DISEASE: Deafness, X-linked, 4 (DFNX4) [MIM:300066]: A non-syndromic form of sensorineural, progressive hearing loss with postlingual onset. In affected males, the auditory impairment affects initially high-frequency hearing. It later evolves to become severe to profound and affects all frequencies. Carrier females manifest moderate hearing impairment in the high frequencies. {ECO:0000269|PubMed:21549336, ECO:0000269|PubMed:21549342, ECO:0000269|PubMed:22911656}. Note=The disease is caused by variants affecting the gene represented in this entry.; DISEASE: Myopathy, distal, 7, adult-onset, X-linked (MPD7) [MIM:301075]: An X-linked recessive, slowly progressive muscular disorder characterized by adult onset of distal muscle weakness predominantly, affecting the lower limbs. Some patients also have proximal muscle weakness. Histopathological and electron microscopic analysis of patient muscle biopsies reveals myopathic findings with rimmed vacuoles and the presence of sarcoplasmic inclusions, some with amyloid-like characteristics. {ECO:0000269|PubMed:33974137}. Note=The disease may be caused by variants affecting the gene represented in this entry.",,,GO:0005634; GO:0005927; GO:0006941; GO:0031430; GO:0043034,ENST00000379494.4;ENST00000494525.1;ENST00000646008.1;ENST00000867835.1;ENST00000867836.1;ENST00000867837.1;ENST00000867838.1;ENST00000941554.1;,HGNC:11122;,88,0,89056d3ee0a1fdf1b2f272a730a7da6271e9e8a652c4a0a78f70930235f6eec5,False,0.0,UniRef50_Q9UHP9,128.0,166.0,5.117993812416755,351.1398297819434,3.9902253384311748,,,sampled_mask,False,1,380.3296723500879,365.26749813574924,0.9613224050157471,0.9232512089110005,3.9902253384311748,3.951604093038547,8.931958872534967,0.2677555325576979,0.9698644447119121,0.6273551751598823,0.6529567495640927
Q7L5Y6,DET1,DET1 homolog (De-etiolated-1 homolog),MDHHVSTIKPRRIQNQNVIHRLERRRISSGKAGTHWHQVRVFHQNVFPNFTVVNVEKPPCFLRKFSPDGRYFIAFSSDQTSLEIYEYQGCQAAEDLLQGYEGEILSNGNDQRSVNIRGRLFERFFVLLHITNVAANGEHLNRECSLFTDDCRCVIVGSAAYLPDEPHPPFFEVYRNSESVTPNPRSPLEDYSLHIIDLHTGRLCDTRTFKCDKVVLSHNQGLYLYKNILAILSVQQQTIHVFQVTPEGTFIDVRTIGRFCYEDDLLTVSAVFPEVQRDSQTGMANPFRDPFINSLKHRLLVYLWRRAEQDGSAMAKRRFFQYFDQLRQLRMWKMQLLDENHLFIKYTSEDVVTLRVTDPSQASFFVVYNMVTTEVIAVFENTSDELLELFENFCDLFRNATLHSEVQFPCSASSNNFARQIQRRFKDTIINAKYGGHTEAVRRLLGQLPISAQSYSGSPYLDLSLFSYDDKWVSVMERPKTCGDHPIRFYARDSGLLKFEIQAGLLGRPINHTVRRLVAFTFHPFEPFAISVQRTNAEYVVNFHMRHCCT,550,reviewed,9606,SUBCELLULAR LOCATION: Nucleus {ECO:0000305}.,DET1 family,,,,,,,GO:0005634; GO:0016567; GO:0031461; GO:0031464; GO:0031625; GO:0032436; GO:0044877; GO:0065003; GO:0080008; GO:1990756,ENST00000268148.13 [Q7L5Y6-1];ENST00000444300.1 [Q7L5Y6-2];ENST00000564406.5 [Q7L5Y6-2];ENST00000649547.1 [Q7L5Y6-1];ENST00000895600.1 [Q7L5Y6-1];ENST00000895601.1 [Q7L5Y6-1];ENST00000895603.1 [Q7L5Y6-1];ENST00000895604.1 [Q7L5Y6-1];ENST00000917530.1 [Q7L5Y6-1];ENST00000954630.1 [Q7L5Y6-1];ENST00000954631.1 [Q7L5Y6-1];ENST00000954632.1 [Q7L5Y6-1];,HGNC:25477;,550,0,8da25388c8084e45669a7dd55bec7e999e422f7e91a00a634ee6bd515ef41d1a,False,3.0,UniRef50_Q7L5Y6,146.0,981.0,6.889591308354466,2193.9149444415298,3.988936262620963,,,sampled_mask,False,1,2377.0604521880496,2342.815387770098,0.936443800008377,0.9229529448534062,3.988936262620963,4.042208165148743,7.07561184772138,0.07453659295333781,0.9411022869184503,0.6139268792274843,0.7124904612535499
Q96LK0,CEP19 C3orf34 HSD5,Centrosomal protein of 19 kDa (Cep19),MMCTAKKCGIRFQPPAIILIYESEIKGKIRQRIMPVRNFSKFSDCTRAAEQLKNNPRHKSYLEQVSLRQLEKLFSFLRGYLSGQSLAETMEQIQRETTIDPEEDLNKLDDKELAKRKSIMDELFEKNQKKKDDPNFVYDIEVEFPQDDQLQSCGWDTESADEF,163,reviewed,9606,"SUBCELLULAR LOCATION: Cytoplasm, cytoskeleton, microtubule organizing center, centrosome, centriole {ECO:0000269|PubMed:21399614, ECO:0000269|PubMed:28428259, ECO:0000269|PubMed:28625565, ECO:0000269|PubMed:28659385}. Cytoplasm, cytoskeleton, spindle pole {ECO:0000269|PubMed:21399614}. Cytoplasm, cytoskeleton, cilium basal body {ECO:0000269|PubMed:24268657, ECO:0000269|PubMed:28428259, ECO:0000269|PubMed:28625565, ECO:0000269|PubMed:28659385}. Note=Associates with the mother centriole in early interphase. Localizes to spindle poles during mitosis, and to distinct foci oriented towards the midbody at telophase (PubMed:21399614). Localizes slightly apical to the subdistal appendage on the mother centriole, but below the distal appendage (PubMed:28625565, PubMed:28659385). {ECO:0000269|PubMed:21399614, ECO:0000269|PubMed:28625565}.",CEP19 family,,,,"DISEASE: Morbid obesity and spermatogenic failure (MOSPGF) [MIM:615703]: An autosomal recessive morbid obesity syndrome characterized by hypertension, fatty liver disease, insulin resistance, and decreased sperm counts. Variable clinical manifestations are early coronary artery disease with myocardial infarction before 45 years of age, type II diabetes mellitus, and intellectual disability. Morbid obese individuals are defined as having a BMI greater than 40. {ECO:0000269|PubMed:24268657}. Note=The disease is caused by variants affecting the gene represented in this entry.",,,GO:0000922; GO:0005813; GO:0005814; GO:0005929; GO:0034454; GO:0036064; GO:0060271; GO:0097712,ENST00000409690.5;ENST00000893283.1;ENST00000893284.1;ENST00000893285.1;ENST00000893286.1;ENST00000933600.1;ENST00000933601.1;ENST00000959538.1;ENST00000959539.1;ENST00000959540.1;ENST00000959541.1;ENST00000959542.1;,HGNC:28209;,163,0,1ae86f4c8e796dd30815cff184ec798733516ebefa8696629b1b69e6fd539f7d,False,0.0,UniRef50_Q96LK0,54.0,167.0,5.123963979403259,650.0940757909159,3.988307213441202,,,sampled_mask,False,1,704.4742794666402,688.1536747759651,0.9446931690113551,0.9228073965782034,3.988307213441202,4.068545416319222,7.004730917994782,0.17771226362521877,0.9964042734121551,0.6234663975526713,0.6433224793362973
P01591,JCHAIN IGCJ IGJ,Immunoglobulin J chain (Joining chain of multimeric IgA and IgM),MKNHLLFWGVLAVFIKAVHVKAQEDERIVLVDNKCKCARITSRIIRSSEDPNEDIVERNIRIIVPLNNRENISDPTSPLRTRFVYHLSDLCKKCDPTEVELDNQIVTATQSNICDEDSATETCYTYDRNKCYTAVVPLVYGGETKMVETALTPDACYPD,159,reviewed,9606,SUBCELLULAR LOCATION: Secreted {ECO:0000250|UniProtKB:P01592}.,,,,"SIGNAL 1..22; /evidence=""ECO:0000269|PubMed:25946035""",,,,GO:0002250; GO:0003094; GO:0003823; GO:0005576; GO:0005615; GO:0006955; GO:0006959; GO:0019731; GO:0019862; GO:0030674; GO:0034987; GO:0042803; GO:0045087; GO:0060267; GO:0065003; GO:0070062; GO:0071748; GO:0071750; GO:0071751; GO:0071752; GO:0071756; GO:0072562,ENST00000254801.9;ENST00000510437.5;,HGNC:5713;,159,0,391fe12dbe9af48b7b6be8f5a13fb41b0f8e78df3406706aee185c37f2373d0c,False,0.0,UniRef50_P01591,9.0,71.0,4.276666119016055,631.8831219781017,3.974107685396866,,,sampled_mask,False,1,687.1865670870907,678.8791507977135,0.9307740873108428,0.9195219351515932,3.974107685396866,3.9085571794928877,8.676233741383436,0.0035228875817195477,0.9150514545702475,0.6093719709812548,0.5766334578641525
P36383,GJC1 GJA7,Gap junction gamma-1 protein (Connexin-45) (Cx45) (Gap junction alpha-7 protein),MSWSFLTRLLEEIHNHSTFVGKIWLTVLIVFRIVLTAVGGESIYYDEQSKFVCNTEQPGCENVCYDAFAPLSHVRFWVFQIILVATPSVMYLGYAIHKIAKMEHGEADKKAARSKPYAMRWKQHRALEETEEDNEEDPMMYPEMELESDKENKEQSQPKPKHDGRRRIREDGLMKIYVLQLLARTVFEVGFLIGQYFLYGFQVHPFYVCSRLPCPHKIDCFISRPTEKTIFLLIMYGVTGLCLLLNIWEMLHLGFGTIRDSLNSKRRELEDPGAYNYPFTWNTPSAPPGYNIAVKPDQIQYTELSNAKIAYKQNKANTAQEQQYGSHEENLPADLEALQREIRMAQERLDLAVQAYSHQNNPHGPREKKAKVGSKAGSNKSTASSKSGDGKTSVWI,396,reviewed,9606,"SUBCELLULAR LOCATION: Cell membrane {ECO:0000269|PubMed:19864490}; Multi-pass membrane protein {ECO:0000255}. Cell junction, gap junction {ECO:0000269|PubMed:19864490}.","Connexin family, Gamma-type subfamily",,"TRANSMEM 23..45; /note=""Helical""; /evidence=""ECO:0000255""; TRANSMEM 76..95; /note=""Helical""; /evidence=""ECO:0000255""; TRANSMEM 176..198; /note=""Helical""; /evidence=""ECO:0000255""; TRANSMEM 229..248; /note=""Helical""; /evidence=""ECO:0000255""",,,"CATALYTIC ACTIVITY: Reaction=2',3'-cGAMP(out) = 2',3'-cGAMP(in); Xref=Rhea:RHEA:66320, ChEBI:CHEBI:143093; Evidence={ECO:0000269|PubMed:24077100, ECO:0000269|PubMed:31992625}; CATALYTIC ACTIVITY: Reaction=5'-triphosphoadenylyl-(2'->5')-adenylyl-(2'->5')-adenosine(out) = 5'-triphosphoadenylyl-(2'->5')-adenylyl-(2'->5')-adenosine(in); Xref=Rhea:RHEA:85019, ChEBI:CHEBI:67143; Evidence={ECO:0000269|PubMed:40010341};",,GO:0005216; GO:0005243; GO:0005789; GO:0005886; GO:0005921; GO:0005922; GO:0006936; GO:0007043; GO:0007267; GO:0014704; GO:0016264; GO:0045087; GO:0086014; GO:0086020; GO:0086021; GO:0086053; GO:0086077,ENST00000330514.4;ENST00000590758.3;ENST00000592524.6;ENST00000907279.1;ENST00000907280.1;ENST00000907281.1;ENST00000907282.1;ENST00000907284.1;ENST00000920109.1;ENST00000920110.1;ENST00000920111.1;ENST00000920112.1;ENST00000920113.1;ENST00000964185.1;ENST00000964186.1;,HGNC:4280;,396,0,eca6ac21146a7f2e3975680ed500889d5ff14da23b75e839e0f5e1fc68672da5,False,2.0,UniRef50_P36383,226.0,776.0,6.655440350367647,1573.3898772701584,3.973206760783228,,,sampled_mask,False,1,1711.4835255753956,1685.2972561995637,0.9335978394803998,0.9193134808242981,3.973206760783228,3.9797800107294012,7.313506505562058,0.05482520450903496,1.0502194034123131,0.6022437840971451,0.6987457344821797
Q9NTX9,FAM217B C20orf177,Protein FAM217B,MNAGPSWNKVQHSKNSSGKRQSKSQVPHASSQPRSSLTAVTQPTEEKLKESISPEARRKRNPLGSRCQGASGNKLFLDFQSMKIIKENADEDSASDLSDSERIPIPPSPLTPPDLNLRAEEIDPVYFDLHPGQGHTKPEYYYPNFLPSPFSSWDLRDMALLLNAENKTEAVPRVGGLLGKYIDRLIQLEWLQVQTVQCEKAKGGKARPPTAPGTSGALKSPGRSKLIASALSKPLPHQEGASKSGPSRKKAFHHEEIHPSHYAFETSPRPIDVLGGTRFCSQRQTLEMRTEEKKKKSSKSTKLQRWDLSGSGSSSKVETSGHIRVPKQAAVILDSADSCKASKTQAHAHPRKKGKAESCGHATVSSEKKLKTNGVKQNTYKLK,383,reviewed,9606,,FAM217 family,,,,,,,GO:0005654,ENST00000358293.7;ENST00000360816.8;ENST00000890684.1;ENST00000890685.1;ENST00000890686.1;ENST00000890687.1;ENST00000890688.1;ENST00000890689.1;ENST00000935326.1;,HGNC:16170;,383,0,99a3278212d054e1b337b58a337c679950e8aaed116f9f6ce48659ed80c8b328,False,2.0,UniRef50_Q9NTX9,30.0,85.0,4.454347296253507,1518.8806323488636,3.96574577636779,,,sampled_mask,False,1,1655.29846034186,1576.657729143281,0.9633546991674522,0.9175871715818411,3.9657457763677897,3.9193893347748308,7.835853588623787,0.18958812787066992,0.9661112789507789,0.5951243794686949,0.5552099952047711
Q92813,DIO2 ITDI2 TXDI2,Type II iodothyronine deiodinase (EC 1.21.99.4) (5DII) (DIOII) (Type 2 DI) (Type-II 5'-deiodinase),MGILSVDLLITLQILPVFFSNCLFLALYDSVILLKHVVLLLSRSKSTRGEWRRMLTSEGLRCVWKSFLLDAYKQVKLGEDAPNSSVVHVSSTEGGDNSGNGTQEKIAEGATCHLLDFASPERPLVVNFGSATUPPFTSQLPAFRKLVEEFSSVADFLLVYIDEAHPSDGWAIPGDSSLSFEVKKHQNQEDRCAAAQQLLERFSLPPQCRVVADRMDNNANIAYGVAFERVCIVQRQKIAYLGGKGPFSYNLQEVRHWLEKNFSKRUKKTRLAG,273,reviewed,9606,SUBCELLULAR LOCATION: Endoplasmic reticulum membrane {ECO:0000269|PubMed:11089566}; Single-pass type III membrane protein {ECO:0000305|PubMed:11089566}.,Iodothyronine deiodinase family,,"TRANSMEM 10..34; /note=""Helical; Signal-anchor for type III membrane protein""; /evidence=""ECO:0000255""",,,"CATALYTIC ACTIVITY: Reaction=3,3',5-triiodo-L-thyronine + iodide + A + H(+) = L-thyroxine + AH2; Xref=Rhea:RHEA:19745, ChEBI:CHEBI:13193, ChEBI:CHEBI:15378, ChEBI:CHEBI:16382, ChEBI:CHEBI:17499, ChEBI:CHEBI:58448, ChEBI:CHEBI:533015; EC=1.21.99.4; Evidence={ECO:0000255|PROSITE-ProRule:PRU10107, ECO:0000269|PubMed:10403186, ECO:0000269|PubMed:11108274, ECO:0000269|PubMed:12586771, ECO:0000269|PubMed:18821722}; PhysiologicalDirection=right-to-left; Xref=Rhea:RHEA:19747; Evidence={ECO:0000305|PubMed:12586771}; CATALYTIC ACTIVITY: Reaction=3,3'-diiodo-L-thyronine + iodide + A + H(+) = 3,3',5'-triiodo-L-thyronine + AH2; Xref=Rhea:RHEA:82575, ChEBI:CHEBI:13193, ChEBI:CHEBI:15378, ChEBI:CHEBI:16382, ChEBI:CHEBI:17499, ChEBI:CHEBI:57261, ChEBI:CHEBI:176514; Evidence={ECO:0000269|PubMed:11108274, ECO:0000269|PubMed:18339710, ECO:0000269|PubMed:18821722}; PhysiologicalDirection=right-to-left; Xref=Rhea:RHEA:82577; Evidence={ECO:0000305|PubMed:11108274}; CATALYTIC ACTIVITY: Reaction=3'-iodo-L-thyronine + iodide + A + H(+) = 3',5'-diiodo-L-thyronine + AH2; Xref=Rhea:RHEA:82899, ChEBI:CHEBI:13193, ChEBI:CHEBI:15378, ChEBI:CHEBI:16382, ChEBI:CHEBI:17499, ChEBI:CHEBI:195762, ChEBI:CHEBI:232695; Evidence={ECO:0000269|PubMed:18821722}; PhysiologicalDirection=right-to-left; Xref=Rhea:RHEA:82901; Evidence={ECO:0000305|PubMed:18821722}; CATALYTIC ACTIVITY: Reaction=3,3'-diiodothyronamine + iodide + A + H(+) = 3,3',5'-triiodothyronamine + AH2; Xref=Rhea:RHEA:83795, ChEBI:CHEBI:13193, ChEBI:CHEBI:15378, ChEBI:CHEBI:16382, ChEBI:CHEBI:17499, ChEBI:CHEBI:233341, ChEBI:CHEBI:233343; Evidence={ECO:0000269|PubMed:18339710}; PhysiologicalDirection=right-to-left; Xref=Rhea:RHEA:83797; Evidence={ECO:0000305|PubMed:18339710}; CATALYTIC ACTIVITY: Reaction=3'-iodothyronamine + iodide + A + H(+) = 3',5'-diiodothyronamine + AH2; Xref=Rhea:RHEA:83803, ChEBI:CHEBI:13193, ChEBI:CHEBI:15378, ChEBI:CHEBI:16382, ChEBI:CHEBI:17499, ChEBI:CHEBI:233339, ChEBI:CHEBI:233342; Evidence={ECO:0000269|PubMed:18339710}; PhysiologicalDirection=right-to-left; Xref=Rhea:RHEA:83805; Evidence={ECO:0000305|PubMed:18339710};",,GO:0001514; GO:0004800; GO:0005789; GO:0005886; GO:0006590; GO:0008430; GO:0016020; GO:0031625; GO:0032496; GO:0033798; GO:0042403; GO:0042404; GO:0042446; GO:0120162,ENST00000438257.9;ENST00000557010.5;,HGNC:2884;,273,2,d47204eda086c83dcf63cff364c83422222c319052ebfbed3f85aee3a354e27c,False,1.0,UniRef50_Q92813,84.0,673.0,6.513230110912307,1079.8044609831502,3.955327695908975,,,sampled_mask,False,1,1179.88636990425,1133.2804388016455,0.952813111399821,0.915176654740726,3.955327695908975,3.838924843811554,23.0545536479845,0.1450113534031762,1.7659756190709623,0.587596589515162,0.6852504523627339
Q16558,KCNMB1,"Calcium-activated potassium channel subunit beta-1 (BK channel subunit beta-1) (BKbeta) (BKbeta1) (Hbeta1) (Calcium-activated potassium channel, subfamily M subunit beta-1) (Calcium-activated potassium channel subunit beta) (Charybdotoxin receptor subunit beta-1) (K(VCA)beta-1) (Maxi K channel subunit beta-1) (Slo-beta-1) (Slo-beta)",MVKKLVMAQKRGETRALCLGVTMVVCAVITYYILVTTVLPLYQKSVWTQESKCHLIETNIRDQEELKGKKVPQYPCLWVNVSAAGRWAVLYHTEDTRDQNQQCSYIPGSVDNYQTARADVEKVRAKFQEQQVFYCFSAPRGNETSVLFQRLYGPQALLFSLFWPTFLLTGGLLIIAMVKSNQYLSILAAQK,191,reviewed,9606,SUBCELLULAR LOCATION: Membrane; Multi-pass membrane protein.,"KCNMB (TC 8.A.14.1) family, KCNMB1 subfamily",,"TRANSMEM 19..39; /note=""Helical; Name=1""; /evidence=""ECO:0000255""; TRANSMEM 158..178; /note=""Helical; Name=2""; /evidence=""ECO:0000255""",,,,,GO:0005513; GO:0005886; GO:0006813; GO:0007268; GO:0008076; GO:0015269; GO:0015459; GO:0045202,ENST00000274629.9 [Q16558-1];ENST00000521859.1 [Q16558-2];ENST00000962422.1 [Q16558-1];,HGNC:6285;,191,0,d8291d4a13ddbcc665f191cd899e780d4f26487e9522538c61bd57b142578337,False,0.0,UniRef50_P97678,28.0,118.0,4.77912349311153,755.2867890460841,3.9543810944821156,,,sampled_mask,False,1,825.4882661234863,810.0424537766742,0.9324039567613995,0.9149576317940047,3.9543810944821165,3.9689292813211647,6.661695698445031,0.10691496046260288,0.9978052451393202,0.5888045682831495,0.5848382536408563
P23109,AMPD1,AMP deaminase 1 (EC 3.5.4.6) (AMP deaminase isoform M) (Myoadenylate deaminase),MPLFKLPAEEKQIDDAMRNFAEKVFASEVKDEGGRQEISPFDVDEICPISHHEMQAHIFHLETLSTSTEARRKKRFQGRKTVNLSIPLSETSSTKLSHIDEYISSSPTYQTVPDFQRVQITGDYASGVTVEDFEIVCKGLYRALCIREKYMQKSFQRFPKTPSKYLRNIDGEAWVANESFYPVFTPPVKKGEDPFRTDNLPENLGYHLKMKDGVVYVYPNEAAVSKDEPKPLPYPNLDTFLDDMNFLLALIAQGPVKTYTHRRLKFLSSKFQVHQMLNEMDELKELKNNPHRDFYNCRKVDTHIHAAACMNQKHLLRFIKKSYQIDADRVVYSTKEKNLTLKELFAKLKMHPYDLTVDSLDVHAGRQTFQRFDKFNDKYNPVGASELRDLYLKTDNYINGEYFATIIKEVGADLVEAKYQHAEPRLSIYGRSPDEWSKLSSWFVCNRIHCPNMTWMIQVPRIYDVFRSKNFLPHFGKMLENIFMPVFEATINPQADPELSVFLKHITGFDSVDDESKHSGHMFSSKSPKPQEWTLEKNPSYTYYAYYMYANIMVLNSLRKERGMNTFLFRPHCGEAGALTHLMTAFMIADDISHGLNLKKSPVLQYLFFLAQIPIAMSPLSNNSLFLEYAKNPFLDFLQKGLMISLSTDDPMQFHFTKEPLMEEYAIAAQVFKLSTCDMCEVARNSVLQCGISHEEKVKFLGDNYLEEGPAGNDIRRTNVAQIRMAYRYETWCYELNLIAEGLKSTE,747,reviewed,9606,,"Metallo-dependent hydrolases superfamily, Adenosine and AMP deaminases family",,,,"DISEASE: Myopathy due to myoadenylate deaminase deficiency (MMDD) [MIM:615511]: A metabolic disorder resulting in exercise-related myopathy. It is characterized by exercise-induced muscle aches, cramps, and early fatigue. {ECO:0000269|PubMed:11102975}. Note=The disease is caused by variants affecting the gene represented in this entry.","CATALYTIC ACTIVITY: Reaction=AMP + H2O + H(+) = IMP + NH4(+); Xref=Rhea:RHEA:14777, ChEBI:CHEBI:15377, ChEBI:CHEBI:15378, ChEBI:CHEBI:28938, ChEBI:CHEBI:58053, ChEBI:CHEBI:456215; EC=3.5.4.6; Evidence={ECO:0000269|PubMed:11102975}; PhysiologicalDirection=left-to-right; Xref=Rhea:RHEA:14778; Evidence={ECO:0000269|PubMed:11102975};",COFACTOR: Name=Zn(2+); Xref=ChEBI:CHEBI:29105; Evidence={ECO:0000250}; Note=Binds 1 zinc ion per subunit. {ECO:0000250};,GO:0003876; GO:0005829; GO:0006188; GO:0032263; GO:0032264; GO:0042802; GO:0046033; GO:0046872,ENST00000369538.4 [P23109-2];ENST00000520113.7 [P23109-1];,HGNC:468;,747,0,a0afc094d1ab2597e7caac33ac6f578442d5be8694cd50929b140b5efe1b42b3,False,3.0,UniRef50_P23109,253.0,1874.0,7.536363938404511,2948.1327019813248,3.9466301231343035,,,sampled_mask,False,1,3228.4802868808597,3185.337673388516,0.9255322368523472,0.9131642258932955,3.946630123134303,4.0360124901514105,7.934493206130246,0.05112793760415982,1.0428198751806448,0.5664444921995466,0.6893335435111654
P01574,IFNB1 IFB IFNB,Interferon beta (IFN-beta) (Fibroblast interferon),MTNKCLLQIALLLCFSTTALSMSYNLLGFLQRSSNFQCQKLLWQLNGRLEYCLKDRMNFDIPEEIKQLQQFQKEDAALTIYEMLQNIFAIFRQDSSSTGWNETIVENLLANVYHQINHLKTVLEEKLEKEDFTRGKLMSSLHLKRYYGRILHYLKAKEYSHCAWTIVRVEILRNFYFINRLTGYLRN,187,reviewed,9606,SUBCELLULAR LOCATION: Secreted {ECO:0000269|PubMed:6157094}.,Type-I (or alpha/beta) interferon family,,,"SIGNAL 1..21; /evidence=""ECO:0000255""",,,,GO:0002250; GO:0002286; GO:0002312; GO:0002323; GO:0005125; GO:0005126; GO:0005132; GO:0005576; GO:0005615; GO:0006959; GO:0007166; GO:0007259; GO:0008811; GO:0009615; GO:0010508; GO:0019221; GO:0030101; GO:0035458; GO:0042100; GO:0043330; GO:0045071; GO:0045087; GO:0045089; GO:0045343; GO:0045581; GO:0045944; GO:0051607; GO:0060337; GO:0070050; GO:0071360; GO:0097696; GO:0098586; GO:0140123; GO:2000552; GO:2001235,ENST00000380232.4;,HGNC:5434;,187,0,783298856c3779f3be0132fd9633d416590dc1e167c5ad0e447f4b682a5b21e6,False,0.0,UniRef50_P01574,30.0,320.0,5.771441123130016,737.7071040734869,3.9449577757940477,,,sampled_mask,False,1,808.2005537439368,797.0370195367611,0.9255619074033012,0.9127772811539245,3.944957775794047,4.047458967462235,7.654274993773437,0.007592454937760799,1.0610881122136593,0.5794863510680011,0.6378249681185162
P83436,COG7 UNQ3082/PRO10013,Conserved oligomeric Golgi complex subunit 7 (COG complex subunit 7) (Component of oligomeric Golgi complex 7),MDFSKFLADDFDVKEWINAAFRAGSKEAASGKADGHAATLVMKLQLFIQEVNHAVEETSHQALQNMPKVLRDVEALKQEASFLKEQMILVKEDIKKFEQDTSQSMQVLVEIDQVKSRMQLAAESLQEADKWSTLSADIEETFKTQDIAVISAKLTGMQNSLMMLVDTPDYSEKCVHLEALKNRLEALASPQIVAAFTSQAVDQSKVFVKVFTEIDRMPQLLAYYYKCHKVQLLAAWQELCQSDLSLDRQLTGLYDALLGAWHTQIQWATQVFQKPHEVVMVLLIQTLGALMPSLPSCLSNGVERAGPEQELTRLLEFYDATAHFAKGLEMALLPHLHEHNLVKVTELVDAVYDPYKPYQLKYGDMEESNLLIQMSAVPLEHGEVIDCVQELSHSVNKLFGLASAAVDRCVRFTNGLGTCGLLSALKSLFAKYVSDFTSTLQSIRKKCKLDHIPPNSLFQEDWTAFQNSIRIIATCGELLRHCGDFEQQLANRILSTAGKYLSDSCSPRSLAGFQESILTDKKNSAKNPWQEYNYLQKDNPAEYASLMEILYTLKEKGSSNHNLLAAPRAALTRLNQQAHQLAFDSVFLRIKQQLLLISKMDSWNTAGIGETLTDELPAFSLTPLEYISNIGQYIMSLPLNLEPFVTQEDSALELALHAGKLPFPPEQGDELPELDNMADNWLGSIARATMQTYCDAILQIPELSPHSAKQLATDIDYLINVMDALGLQPSRTLQHIVTLLKTRPEDYRQVSKGLPRRLATTVATMRSVNY,770,reviewed,9606,SUBCELLULAR LOCATION: Golgi apparatus membrane {ECO:0000269|PubMed:11980916}; Peripheral membrane protein {ECO:0000269|PubMed:11980916}.,COG7 family,,,,"DISEASE: Congenital disorder of glycosylation 2E (CDG2E) [MIM:608779]: A multisystem disorder caused by a defect in glycoprotein biosynthesis and characterized by under-glycosylated serum glycoproteins. Congenital disorders of glycosylation result in a wide variety of clinical features, such as defects in the nervous system development, psychomotor retardation, dysmorphic features, hypotonia, coagulation disorders, and immunodeficiency. The broad spectrum of features reflects the critical role of N-glycoproteins during embryonic development, differentiation, and maintenance of cell functions. {ECO:0000269|PubMed:15107842}. Note=The disease is caused by variants affecting the gene represented in this entry.",,,GO:0000139; GO:0000301; GO:0005794; GO:0006886; GO:0006890; GO:0007030; GO:0009101; GO:0017119; GO:0032588; GO:0033365; GO:0034067; GO:0050821,ENST00000307149.10;,HGNC:18622;,770,0,4daff57803d76ba242f3285ab041c42e0a180c33ecd64655577ae19089029081,False,4.0,UniRef50_P83436,116.0,697.0,6.548219102762372,3034.0299630147492,3.940298653265908,,,sampled_mask,False,1,3327.884633063269,3206.659211908273,0.946165389745051,0.9116992617084713,3.940298653265909,3.9116315413597116,8.135106152847488,0.034878369128472,1.050119515341197,0.5595086888618646,0.6188034451423983
Q9BZM5,ULBP2 N2DL2 RAET1H UNQ463/PRO791,UL16-binding protein 2 (ALCAN-alpha) (NKG2D ligand 2) (N2DL-2) (NKG2DL2) (Retinoic acid early transcript 1H),MAAAAATKILLCLPLLLLLSGWSRAGRADPHSLCYDITVIPKFRPGPRWCAVQGQVDEKTFLHYDCGNKTVTPVSPLGKKLNVTTAWKAQNPVLREVVDILTEQLRDIQLENYTPKEPLTLQARMSCEQKAEGHSSGSWQFSFDGQIFLLFDSEKRMWTTVHPGARKMKEKWENDKVVAMSFHYFSMGDCIGWLEDFLMGMDSTLEPSAGAPLAMSSGTTQLRATATTLILCCLLIILPCFILPGI,246,reviewed,9606,"SUBCELLULAR LOCATION: Cell membrane {ECO:0000269|PubMed:11239445, ECO:0000269|PubMed:12782710}; Lipid-anchor, GPI-anchor {ECO:0000269|PubMed:11239445, ECO:0000269|PubMed:11444831, ECO:0000269|PubMed:12782710, ECO:0000269|PubMed:37684232}. Endoplasmic reticulum {ECO:0000269|PubMed:12782710}. Secreted {ECO:0000269|PubMed:11444831}. Note=In CMV-infected fibroblasts, detected in the endoplasmic reticulum/cis-Golgi. {ECO:0000269|PubMed:12782710}.",MHC class I family,,,"SIGNAL 1..25; /evidence=""ECO:0000269|PubMed:11444831""",,,,GO:0001916; GO:0002476; GO:0002486; GO:0005576; GO:0005615; GO:0005783; GO:0005886; GO:0009897; GO:0009986; GO:0030101; GO:0034235; GO:0042267; GO:0046703; GO:0048018,ENST00000367351.4;ENST00000948867.1;,HGNC:14894;,246,0,4e158ba360a5f879812cb000a9e3a72a733d09ac9fedc3842a5f1b18cad98d17,False,1.0,UniRef50_Q9BZM5,11.0,96.0,4.574710978503383,966.8424594943187,3.9302539003834096,,,sampled_mask,False,1,1063.1943113422913,1039.4445534126355,0.9301529901908145,0.9093751247348874,3.9302539003834096,3.946722881441759,7.0535946287579225,0.008301577700280265,1.1410318133996469,0.5632322289318026,0.5420118140968269
O76087,GAGE7 GAGE12I GAGE7B,G antigen 7 (GAGE-7) (AL4) (Cancer/testis antigen 4.7) (CT4.7) (GAGE-12I) (GAGE-7B) (GAGE-8),MSWRGRSTYYWPRPRRYVQPPEMIGPMRPEQFSDEVEPATPEEGEPATQRQDPAAAQEGEDEGASAGQGPKPEAHSQEQGHPQTGCECEDGPDGQEMDPPNPEEVKTPEEGEKQSQC,117,reviewed,9606,,GAGE family,,,,,,,,ENST00000440137.2;ENST00000445148.2;ENST00000639028.1;,HGNC:4104;,117,0,f27771dd1845e2894df86ed929fb4f92492a7352122d34d4a6d77f89313104c7,False,0.0,UniRef50_A6NER3,18.0,25.0,3.258096538021482,459.3359354891347,3.925948166573801,,,sampled_mask,False,1,505.6655871018214,492.6762347406362,0.9323281763954921,0.9083788717396786,3.925948166573801,3.6515813905042824,7.630721625772474,0.20795983058378772,1.3710682333440876,0.5623160176238433,0.4693855231124755
